age,gpa,faminc,mayuse,attuse,attusers,streneff,athabil,wghtsat,sterknow,testknow,suppknow,peerinfo,teaminfo,coainfo,coachtol,bodyimg,esteem,impuls,rmay,rsupp,rtest
18,3.5,6,1,4.67,4,6.17,6,5,16,0,3,3,5,5,1.67,3.67,5,3.5,0,0,0
18,3,7,1.6,5.33,4,7,6,5,10,0,3,3,6,7,1,5,5.25,3,0,0,0
17,2.5,7,1,5,3,6.5,6.5,5,10,1,2,3,6,5.33,1.67,3.67,6,4.5,0,0,0
17,4,999,1,3,3,7,6.75,5,12,0,1,2.67,7,6.33,1.67,4.67,7,1.17,0,0,0
17,4,3,1,5.33,4,5.33,4.75,1,11,2,1,6,5,6,1,4,6,1.5,0,0,0
17,3,7,4.8,3.67,3,5.5,5.75,2,15,2,4,1,5.67,7,3,4,4.5,2,0,0,0
16,4,3,3.2,6,5.33,6.33,5.25,2,14,2,1,4.67,7,6,4,4.33,6.75,3,0,0,0
17,3,6,1.4,4.33,4.67,7,6.5,4,1,1,3,2,6.67,6.67,1,4.33,6.25,1.67,0,0,0
17,2.5,2,1,4,5.33,6.17,999,3,13,1,999,7,999,7,1,999,999,999,0,1,0
999,999,999,3,3.33,4,5.17,6,3,9,0,2,4.33,3.67,6,1.67,4.67,5,3.83,0,0,0
17,3.5,999,1,7,7,6.67,6.75,3,8,0,3,7,7,7,1.67,3.33,7,1,0,0,0
16,3,5,1,3.67,4.67,6.17,6.75,2,11,1,3,5.33,6,5.33,2.33,4,6.75,4.83,0,0,0
17,2.5,4,1,7,6.33,6.67,6.25,1,16,1,3,4.33,4.33,4.33,1,3,5.75,3.33,0,0,0
15,3,5,1,7,5.67,6.5,4.75,4,15,2,4,4.67,5,5.33,2.33,4.33,6.75,1,0,0,0
15,3.5,999,1.8,6.33,4.67,6.17,5.25,4,5,0,3,5,5.67,4,3.33,3.33,5.5,3.17,0,0,0
15,3,6,1,6.67,6.67,5.17,4.5,3,16,1,1,4.33,6.67,5.33,2.33,3.67,5.75,1,0,0,0
16,2.5,4,1,7,6.33,6.33,6.5,3,13,0,1,5.67,6.33,5.67,1,3.67,5.75,2.83,0,0,0
17,4,6,1,4.33,5.33,6.83,6.25,4,11,0,1,1.67,6.33,4.33,2,3.67,6.25,1.5,0,0,0
17,3,999,1,5.67,2.67,6.5,5.75,1,4,0,3,3.67,6.33,5,1.33,3.67,6.25,3.17,0,0,0
16,3.5,6,1,6,4.67,5.83,7,4,7,1,2,5.33,6.33,5.67,1,4.67,7,1,0,0,0
17,3,7,1,5,3.67,6.33,7,5,16,1,4,6.67,7,6.67,1,5,7,3.17,0,0,0
18,3,3,1,3.67,7,5.67,7,5,5,0,2,4.67,6,6.33,2,5,7,1.33,0,0,0
999,999,999,1,6,4.67,5.17,6.5,999,8,1,1,2,4.67,5,2,3.67,5.75,3.5,0,0,0
16,4,7,1,7,5,5,6,3,16,0,1,1.67,4.67,4.67,4,4.33,6.5,2.67,0,0,0
16,2.5,999,4,4,6.67,4,4,3,8,0,999,4,4,4,4,2.67,4,4,0,1,0
16,2.5,7,4,4,4,4,4,2,8,0,1,4,4,4,4,3.33,4,4,0,0,0
17,3,7,2,4.33,5.33,7,7,3,9,1,3,5,7,5.67,2,5,7,1.17,0,0,0
17,3,7,1,3,5.33,7,7,4,13,0,1,5.33,5,6.33,1,2.67,5.25,2.5,0,0,0
17,3,7,1.2,4.33,4.33,6.17,7,4,11,1,2,2.33,6,5.67,1.67,4.67,7,1.67,0,0,0
18,3,6,1,7,999,7,7,4,14,0,3,7,7,7,1,5,6.25,3.5,0,0,0
15,1,7,1,4.33,3.33,2.33,5,2,12,0,999,1,4.67,1,1.33,3.33,5.75,4.33,0,1,0
15,2.5,5,4.4,7,4,5.5,7,3,9,0,0,1,4,6.33,2.33,4,5.25,4.67,0,0,0
15,4,7,1,7,6.67,7,7,2,12,2,1,7,7,7,1,5,7,1,0,0,0
16,2.5,6,1,7,7,7,7,2,13,0,4,7,7,7,2,4,7,3.5,0,0,0
15,4,999,1,6.33,5.33,6.5,5.25,3,13,2,4,7,6,7,2,4,6.5,2.83,0,0,0
16,2.5,999,1,6.67,4.33,6.83,6.5,2,16,1,1,7,5,1,4,4,7,2.5,0,0,0
16,1.5,3,1,4.33,6.33,6,5.25,2,14,2,4,6.33,6,6,1.33,5,6,3.67,0,0,0
16,3.5,6,1,7,5.67,7,7,3,14,1,4,7,7,7,2.67,4,7,1,0,0,0
17,3,4,1,7,6,7,6.75,4,16,0,3,4.67,5,7,1,4.67,7,2.5,0,0,0
999,999,999,1.2,5,6.67,5.67,6,999,15,0,3,6,5.33,6,2,3.33,6.25,2.33,0,0,0
18,3.5,6,1,7,7,6.67,6.5,4,15,1,4,7,7,7,1,3,5.5,3.67,0,0,0
16,3.5,5,1.6,6.67,5,6.83,6.75,2,12,1,4,7,5.67,7,1,3.67,7,2,0,0,0
17,3,3,1,7,5,7,7,2,16,1,4,5,5,7,1,4,7,3,0,0,0
15,3,5,1,6,6,6.5,6,2,15,1,4,6.33,6.33,6.67,1,4.33,4.75,1.83,0,0,0
15,3.5,7,1,6,5.33,5.83,6.75,1,16,2,4,5.33,5.67,7,1,3,7,1.5,0,0,0
15,3,3,2,5.33,5.33,5.67,5.5,2,16,2,4,6.67,5.33,6,2.67,3.33,5,3.17,0,0,0
18,2,999,1,3,6.33,2.67,6.5,2,15,999,4,7,1.67,7,1.67,3.33,4.75,4,0,0,1
14,999,7,1,7,7,7,7,5,9,1,2,7,7,7,1,5,7,1.17,0,0,0
14,2.5,3,1,1.33,7,7,7,2,16,1,3,7,7,7,1,3.33,5.25,5.67,0,0,0
14,3,999,4.6,5,4,5.5,6.75,4,11,0,3,5,7,4.33,2.67,3.67,6.5,4.83,0,0,0
14,999,999,1,6,6.67,4.83,5.75,4,15,2,999,5,5,5.33,2.67,3.33,6,3.33,0,1,0
17,2.5,3,4.2,6,4,5,6.5,2,15,1,4,7,6.33,7,1,4,6.5,1.5,0,0,0
14,3.5,999,1,7,6.33,5.17,5.5,3,15,0,3,4,5.67,5.67,1,4,5.5,1,0,0,0
16,2,999,1,6.33,5,7,7,2,15,0,4,6,6,4.67,2,2.33,5.75,2.17,0,0,0
15,3.5,999,1,4.67,5,5,5,4,6,0,0,4.67,4.33,3.33,3,3,5.25,1.17,0,0,0
14,2.5,999,1,6.67,7,6.5,6.75,2,11,1,3,4,6,5,3,3.67,6.75,2.33,0,0,0
14,3.5,4,1,7,5,7,7,5,16,2,4,6,7,1,4.67,5,5.75,2.33,0,0,0
14,3.5,999,1,5,6.33,4.67,4.75,4,7,999,2,4,4.33,4,4,2.67,5,3.67,0,0,1
14,999,999,1.4,7,5,6.17,6,4,16,0,3,4,1.67,4,3,999,6,6,0,0,0
14,3,999,1,3.67,3,7,7,2,10,1,0,4,5,4,5,3.67,7,3,0,0,0
14,3.5,999,1,6.67,3.67,6,5,3,14,2,3,6,6,5.33,3.33,4,6,4.17,0,0,0
17,2.5,3,1,7,6,6.67,7,2,16,2,4,5.67,6.67,4.33,1,4,5.5,1.67,0,0,0
18,3.5,7,1,6,6,7,6.5,2,17,2,4,1,7,3,1,3.33,6.25,5,0,0,0
16,2.5,999,1,5.67,7,6.67,6.25,1,13,0,3,1,6.33,5.67,2.33,1,3.5,1,0,0,0
17,2,3,1,7,7,6.5,6.5,4,13,1,4,7,7,3,3,3,6,2,0,0,0
17,4,6,1,6,2.67,5.5,5.5,1,11,2,4,5.67,5.67,5,1.67,2.33,4.5,3.5,0,0,0
16,3,999,1,3,6.33,4.17,7,5,9,0,3,4,6,1,5,5,7,2.8,0,0,0
999,999,999,1,5.33,4.67,6.67,5.5,999,11,2,2,5.33,5.33,5,1.67,3.67,5,3.33,0,0,0
17,2.5,999,2.2,5.67,4,6.5,6,5,0,1,3,5,6,5.33,2.33,4,6.75,3.5,0,0,0
14,4,4,1,7,7,5.33,7,5,16,1,3,4.33,6,5.33,1,5,7,3.33,0,0,0
16,3.5,5,1,4.67,4.33,5.83,6,3,7,0,2,6,5.67,6,2,4,4.5,2.67,0,0,0
13,4,7,1,3.67,5.67,7,7,3,14,0,2,2,6,7,1,5,7,2.17,0,0,0
15,4,7,4,4,4,4,4,4,12,0,1,4,4,4,4,5,4,4,0,0,0
15,3.5,7,2.2,7,7,7,7,2,12,2,3,3.67,7,5,1,3.67,7,3.67,0,0,0
14,4,999,1,5,5.33,6.33,7,2,16,1,3,3,7,5,1,4,6.75,2.83,0,0,0
16,3.5,999,1.4,6.33,6.33,5.83,5.75,4,17,2,3,5,5.67,5.67,1,3.33,7,3,0,0,0
16,3.5,7,5,2.67,3,6.33,6,1,5,1,3,4.67,6.33,5.33,1,3.33,5.5,5,0,0,0
15,4,7,1.2,3,6.33,6,7,5,11,0,2,1,5,3,2,5,7,1,0,0,0
16,4,999,1.4,5.67,6.33,6.5,6.5,2,13,1,2,5.67,5.67,5.67,1,4,6.5,2.83,0,0,0
17,3.5,999,1,4.33,5,7,7,2,14,0,4,7,6,6,2.67,4,7,3.33,0,0,0
17,3.5,7,1,5,7,7,6.5,3,13,0,0,4,4,5,1,4.67,4,4,0,0,0
17,3.5,4,1.6,4,2,5,5.5,2,15,0,1,7,4,7,4,4,4,5,0,0,0
17,3.5,7,4,4,4,4,4,5,0,0,0,4,4,4,4,2.67,4,4,0,0,0
16,3,7,1,5,4.33,6.33,4.75,2,5,0,0,6.67,6,5.67,3,3.67,6,4.17,0,0,0
17,3,5,1,7,6,6.83,5,2,14,2,4,5,6.33,7,2.33,3.33,5,1.17,0,0,0
16,3.5,4,2.6,4.33,4.33,6,5.75,4,9,1,3,4.67,6,5,3,3.33,5.5,4.33,0,0,0
17,2.5,4,1,7,5.33,6.83,7,3,6,0,1,6,7,7,1,4.33,6.75,1,0,0,0
17,3,7,1,6,4,6,7,4,2,0,0,4.67,7,5.33,3.33,3,5.5,4.5,0,0,0
16,3.5,7,1,3,4.67,5,5,3,10,0,2,5,5,5,1.67,4,5,3.33,0,0,0
17,2.5,4,1,7,7,6.67,6.25,3,15,2,1,7,6.33,7,1,4.33,6,2.33,0,0,0
17,4,7,1,7,7,6.83,7,3,15,1,3,6.33,6.33,7,1,5,7,1,0,0,0
17,3,6,1,5,4,4,4,5,16,1,0,4,4,4,4,5,4,4,0,0,0
17,3,999,1,5,4,1,7,2,1,1,2,1,1,1,1,5,7,1,0,0,0
16,3,3,1,5,7,7,4.75,2,15,1,3,7,7,7,1,3.33,3.5,1.67,0,0,0
17,4,6,1,7,7,7,999,5,15,1,999,7,999,7,1,999,999,999,0,1,0
17,4,7,2.2,5,6,7,6,3,0,0,4,4.67,6.67,6.33,1.67,3.33,6.5,1,0,0,0
17,3.5,7,1,6.67,6.33,5,5.75,2,16,1,3,4.33,5,5,2.33,3,6,1.5,0,0,0
15,3,999,1.8,4,5.33,5.5,7,2,12,0,3,4,5,5.67,1,3.33,5.5,1.67,0,0,0
15,3.5,5,1.6,6,4.33,7,7,2,10,0,1,7,7,7,1,4.67,7,2.5,0,0,0
15,4,5,3.4,5.33,4,6.83,6.25,1,9,0,0,4,5,5.33,4,4.67,6.25,5.33,0,0,0
14,4,6,2.2,3,5,4,6.75,5,2,1,0,4,4,4,4,5,5.25,4,0,0,0
15,4,7,1,5.33,5.67,6,6,4,15,0,4,5,5.33,5.33,1,3.67,6,2.5,0,0,0
16,3.5,999,1,7,6.67,4.67,4.25,3,9,1,2,6,5.67,6,1,4,6.75,1.17,0,0,0
17,3.5,999,1,5,5.33,7,5.75,2,2,0,3,7,7,7,2,3.33,5.75,4.17,0,0,0
17,2.5,7,3,4,4,4,6.5,1,2,1,0,4,4,4,3,2.5,4,4,0,0,0
17,3,6,4,5.33,4,4,6,5,8,0,999,4,5,4,4,5,4,4,0,1,0
17,2,999,1,6.67,7,6.17,6.25,2,13,1,3,4.33,5.33,5.33,1.33,4,6.25,2.5,0,0,0
16,2.5,7,4,4,4,4,4,1,0,0,1,4,4,4,4,3,4,4,0,0,0
16,3,999,1,3,5,3.83,7,1,7,1,2,2.33,3.67,3,3,5,3.5,3.67,0,0,0
16,2.5,999,2.2,6,4,4,6.5,4,0,0,0,4,4,4,2,1,7,2.67,0,0,0
15,3,999,1,4,6.67,6.83,7,4,0,0,1,6.33,4,6.67,3,3,4,4,0,0,0
15,2,7,3.4,5,4,5.33,5.5,3,0,1,0,4.67,6.33,5,4,4.67,5.5,4,0,0,0
16,2.5,4,1.6,5,5.33,7,6.5,1,14,1,1,4.67,6,5.33,1.33,4.33,6,2,0,0,0
14,3.5,7,3.2,7,3.67,7,6.75,2,12,0,1,5,5.67,7,2.33,3.67,2,1,0,0,0
17,3.5,3,1,5.67,5,3.67,4.5,2,4,1,2,3.67,4.33,2,3.33,3,5.75,1.83,0,0,0
16,3,7,1,6,3.33,6.33,6.25,2,4,0,2,3.33,6,6,3.67,3.33,6.25,1.17,0,0,0
16,3,7,1.8,5.33,3,6,7,2,16,1,1,5,6,6.33,1.33,3,6.25,3.17,0,0,0
14,3,999,1,4,999,6.5,999,1,14,1,1,4,5,5,5,4,7,1,0,0,0
16,3.5,6,1,6.33,4.67,4,6.25,2,8,0,1,2.33,4.33,2.33,1.67,3.33,6,3.67,0,0,0
15,3,999,2.8,4,4.33,6.2,7,1,15,1,2,2.33,6,3.67,2,1.67,5,5,0,0,0
15,3,5,1.2,5.33,4,5.5,6.75,5,11,0,4,4,5,4,1,5,7,1,0,0,0
14,3.5,999,1,5.67,6,5.5,6.5,4,5,0,0,4.33,5.67,3.33,2,5,6.25,1.5,0,0,0
15,4,7,1.2,3,5.67,7,7,5,14,0,3,5,6.67,5.33,3,4.67,6.75,5.17,0,0,0
15,3,999,1.8,4.33,5,6.33,4.75,5,9,1,3,4,3,4,1.33,4.33,5.75,3.67,0,0,0
15,2.5,7,4,4,2.33,7,6.5,3,0,0,3,7,5.33,7,2,3,7,4.17,0,0,0
15,4,999,1,6.67,6,5.67,7,2,9,0,2,6.33,6.67,7,2,5,7,1,0,0,0
15,4,999,1,5,7,5.5,7,2,3,1,2,1,3.67,1,2,5,7,3.5,0,0,0
14,2.5,4,3,4.67,4,5,5.25,4,7,0,999,5,6.33,5,4.33,4,4.75,4,0,1,0
15,3.5,999,1,7,5.67,7,6.5,2,3,0,2,7,6,7,3,3.33,7,2,0,0,0
14,3.5,6,1,6.33,5,6.33,6.25,2,14,0,2,4,6.67,5.33,1,3,6.25,2.33,0,0,0
14,3,999,1,7,6.33,6.5,7,4,14,0,3,7,7,7,2,4.67,7,2.17,0,0,0
14,4,999,1,6.33,3,5.17,6.5,2,10,0,4,1,4.67,3.67,1.33,2.67,6.75,1.33,0,0,0
17,3.5,7,1.4,4.67,3.33,6,6,3,0,2,4,7,5.33,6,1.67,4,6,2,0,0,0
17,2.5,999,1,7,4.67,4.67,6.25,4,15,1,4,6,4.67,6,3,3,6.5,1.5,0,0,0
16,3,3,1,5,4,6.67,6.5,2,15,1,1,6.67,4,6.33,1,3,4,4,0,0,0
17,2,999,3.4,7,4.33,6.5,6,2,15,2,4,5,7,7,3,2,5.5,4.17,0,0,0
15,3.5,999,1,7,7,6.67,6.75,3,14,1,4,7,7,6.33,1,2.67,7,1.5,0,0,0
16,3,5,3,4.33,4.33,5.67,6,4,15,2,4,6,5.33,5,1,4,6,2.5,0,0,0
18,2.5,999,5.6,6,4,7,7,5,14,1,1,7,7,5.67,1,5,7,7,0,0,0
17,4,7,1,4,7,7,6.25,5,16,1,4,1,5,3,3,5,6.25,3,0,0,0
17,3.5,999,1,3.67,5,7,6.5,4,15,2,2,4,5,5,2,4.33,7,3.5,0,0,0
16,3.5,6,1,5,5.33,6.67,5.75,2,13,2,4,7,5.67,5.67,1,4,6.75,1.5,0,0,0
16,3.5,7,1,6.67,5.33,7,6.25,5,14,2,3,3.33,6,3.33,2,4,6.75,3,0,0,0
18,3,999,1,7,6,6.5,6.25,2,14,2,2,6,4.33,5.33,3.33,3.67,6.5,2.5,0,0,0
17,2.5,4,1.6,5,4,5.83,7,3,0,2,999,6,6,6,3,5,7,2.4,0,1,0
17,2.5,4,2.4,4.67,5,6.67,5.33,2,0,1,0,2.33,4,2.67,2,3,7,5.67,0,0,0
17,2.5,7,1,5,1.33,6,5.5,2,17,1,3,1,4.67,3,1.33,4.67,6.25,1.67,0,0,0
17,2.5,5,3.4,5,4,4,4,3,1,0,0,4,4,4.67,4,5,4,4,0,0,0
17,3,5,2.4,7,3,7,7,2,13,1,4,7,7,7,1,5,7,3,0,0,0
17,3.5,999,1,3.67,5,7,7,3,14,0,0,5,5,4,2,3.33,5,3.67,0,0,0
17,3.5,999,1,6.67,3.33,6,6,2,15,1,4,2,5.67,6,3,3,5.75,2.83,0,0,0
15,3.5,999,1,5.33,6,5.5,6.5,1,13,0,2,4.67,5.67,4.67,2.33,2.67,5.75,3.33,0,0,0
17,2,999,1.6,7,4.33,6.5,5,2,15,2,4,7,5.67,7,2.33,4,5.25,3.67,0,0,0
16,2.5,999,1,5.5,5.67,5.33,5,2,14,0,999,5.67,4,5.67,1.33,2,5,2.67,0,1,0
18,2.5,7,3.6,3.67,5.67,5.17,5.75,3,5,999,2,4,5,4,1,2.33,6.5,1.83,0,0,1
17,2,6,6,4.67,2.67,6.17,6,2,15,1,3,5.33,5.33,5.33,2,4,6.25,3.83,0,0,0
18,2.5,7,4.2,2.33,4.67,5.67,6.5,3,2,1,1,4,4.33,4,1,4,3.75,3.83,0,0,0
16,2,999,4,4.33,3.67,5.5,5.5,3,13,1,0,4.67,5.67,5.33,1.33,4,5.5,2.67,0,0,0
18,2,7,1,4,6,3.33,7,4,9,1,1,7,4,6.67,2,5,7,1.5,0,0,0
16,3.5,999,3.8,4.67,2.67,4.67,6,3,16,1,1,4,4.67,4,1.33,3,7,1.67,0,0,0
17,3,6,2,7,7,6.17,6.25,2,14,0,3,5.33,5.33,4,2.33,4,6.25,1.83,0,0,0
18,3,999,1,2.67,5,4.83,6,2,11,1,3,4.67,4.67,4.67,3.67,2.67,6,3.33,0,0,0
16,2,5,1,4.33,5,5.83,6.75,999,13,0,3,4.33,5.67,6.33,1,4.67,7,2.5,0,0,0
17,2.5,999,4.4,3.67,4.33,6,4,2,12,1,2,3.67,4,5.33,2.67,3.33,4.75,5.17,0,0,0
17,3,5,5.2,4.67,3.33,6.17,6,3,13,1,4,4.33,5.33,5.33,1.33,3,6,3.5,0,0,0
17,3.5,4,1,7,6.33,6,5.75,4,12,1,4,6.33,7,6.67,1,4,6.75,2.5,0,0,0
17,3.5,999,1,5.67,5.67,6.5,6.25,3,8,999,999,7,7,7,1,4.33,7,1.33,0,1,1
16,3,4,1.8,6.67,4.67,6,6.25,4,10,1,4,7,7,7,1,5,6.75,2.33,0,0,0
15,2.5,4,1,7,5.67,7,6.75,3,15,0,3,6.33,7,7,1,4.33,6.25,5.83,0,0,0
16,3,999,1.2,6,5.33,6.67,5.75,4,7,0,2,5.67,7,6.33,1,4,6,1.17,0,0,0
15,4,7,1,6.33,7,6.5,6.5,4,13,1,4,6.33,7,6.33,2.33,4,6.5,1,0,0,0
15,3.5,4,2.4,7,4.67,4.33,5.75,1,16,1,3,4,6.67,5,2.67,3.33,4.5,4.33,0,0,0
17,3,7,2.6,5,5,5.67,5.75,1,12,999,3,5.33,7,7,1.33,2.67,6,3.33,0,0,1
17,2,5,1,5,3,6.5,7,1,8,1,0,7,4,7,1,3.67,4,4,0,0,0
17,3,999,1,5.67,4.67,6.67,7,4,13,2,3,5.33,6.67,7,1,4.33,6.75,1.5,0,0,0
16,2.5,6,1,7,6.33,6.67,7,2,14,1,3,7,7,7,1,3.33,7,4.5,0,0,0
18,2,4,1,7,6,6.5,7,2,16,2,3,7,7,7,1,4.33,7,2.5,0,0,0
18,3,999,1.4,5,4,6.83,6.25,4,14,2,3,4.67,6.67,7,1,4,5.25,4.33,0,0,0
16,3.5,999,1,6.67,6,6.5,6.75,3,14,1,1,3.33,7,6.67,1.33,4.33,6.25,2.67,0,0,0
17,3.5,999,1,7,6,6.5,7,2,15,999,3,7,7,7,1,4.33,7,2.5,0,0,1
15,3,3,1,7,6.67,6.5,5.5,2,14,0,3,4.33,6.67,6,1.33,3.33,6.25,1.67,0,0,0
15,4,999,1,5,6.67,7,6.75,5,12,0,3,4.33,7,7,1.67,5,7,3,0,0,0
16,3.5,3,4.6,3.67,3,5.83,7,3,12,1,1,2.67,5.67,5.33,2.33,3.33,6.25,6.33,0,0,0
17,3,6,1,5,7,6,7,3,13,1,3,6,7,7,1,5,7,6,0,0,0
15,2.5,999,1,7,7,6.17,6.75,2,4,0,3,7,6.67,7,1,4,4.75,1.17,0,0,0
17,3,6,5.2,3,4.67,7,7,1,10,1,3,4.33,7,7,1,4.67,7,2.83,0,0,0
17,3,7,1,5,3,7,6.75,4,8,1,3,6,7,7,1,4.33,6.75,2,0,0,0
17,2.5,999,1,5,4,4,4,4,0,0,0,4,4,4,4,1,4,4,0,0,0
15,3.5,999,1,7,7,7,7,5,13,0,3,7,7,7,1,3,6.5,3.33,0,0,0
15,3.5,4,1.2,6.33,5,5.83,6.25,4,14,1,4,3.67,7,7,1,3.33,4.75,2.33,0,0,0
17,3.5,4,1,7,6,7,7,999,13,0,3,4,7,7,1,5,5.5,2.67,0,0,0
16,2.5,4,1,5.33,5.67,6.5,6.25,2,11,1,3,6.67,7,7,1,5,6,3.5,0,0,0
15,3.5,4,1,6.67,5,7,6.5,2,2,0,1,7,7,7,3,3.33,6,2.67,0,0,0
15,3,6,1.4,7,7,7,6.75,4,15,1,3,7,7,7,1,4,6.75,2.33,0,0,0
16,2.5,5,1.6,6,6.67,5.83,6.5,4,5,1,1,5,6,6.33,3,4,6,2.83,0,0,0
16,2,999,1,6,4,6.33,7,4,14,2,3,7,7,7,2,4.67,7,4.17,0,0,0
17,3,3,3.8,4.67,4.33,6.83,6.25,2,10,1,2,5.67,7,7,2,4.33,7,3.17,0,0,0
16,3,4,4,3.67,4.33,5.17,4.75,2,14,1,1,4.33,5,6,1.67,3.33,5,2.83,0,0,0
17,3,5,3.4,5.33,3,3.67,7,999,16,0,3,4,4,5.67,4,2.33,6.25,2.5,0,0,0
17,3,3,2.4,6,6,5.5,7,2,10,2,2,4.33,6.33,4.67,1,2.33,7,4.67,0,0,0
18,2,999,1,6.67,5.67,7,6.5,3,6,0,1,5,6,6.67,1,5,7,1,0,0,0
14,3.5,999,1,7,6.67,5.83,7,5,13,1,3,6,7,7,1,4.33,7,1,0,0,0
16,2.5,999,1,6,7,7,7,3,16,0,0,7,7,7,1,4.33,6.25,1,0,0,0
14,3.5,5,2.2,6.33,4,7,6.25,3,14,1,1,5,6,7,1,3.67,4.25,4,0,0,0
14,3.5,999,3.6,4,4,4,6.25,3,9,0,1,4,4,4,4,3,4,4,0,0,0
14,4,999,4,6,4.67,4.67,7,4,13,1,1,4,5.67,5,1,4,4.75,4,0,0,0
14,3.5,999,1,7,5,6,6,999,10,0,2,7,7,6.67,1,3.33,6.25,2,0,0,0
14,4,4,1,7,6,7,7,4,16,2,3,5.33,6.33,5.33,1,5,7,1.83,0,0,0
15,3,3,2,3,999,999,999,2,3,999,999,999,999,999,1.33,999,999,999,0,1,1
14,2.5,7,4,3.67,5.33,5.83,5.5,5,12,1,1,2,5.67,4.67,1.67,3.67,5.5,4.17,0,0,0
14,3.5,999,1,5,4,5.67,6,3,11,0,1,5.33,6,5,1,3.67,6.25,5.5,0,0,0
14,3.5,999,1.6,7,4.33,5.5,6,3,11,0,2,5,4.67,5,3.67,3.33,5.25,4.33,0,0,0
14,3.5,999,2,5.67,6,5.17,6,3,16,1,2,5,6,6,2,4,6,2,0,0,0
15,3,5,1,6.67,6.33,5,5.75,999,12,1,3,5,6,5.33,1,4.33,5.5,1.33,0,0,0
13,3.5,7,1.6,6,5.67,7,7,2,7,1,1,4,7,7,2,3.67,7,4.67,0,0,0
15,3,999,1,5.33,6.67,5.83,6.25,999,14,0,2,5.67,7,6.67,1,4,5.75,3.83,0,0,0
15,2.5,999,1.4,6.33,5.33,7,6.25,3,14,1,3,7,7,7,1,999,5.5,3,0,0,0
15,1.5,1,1,7,3,5.5,6.5,999,16,1,3,6,5.33,5,7,4.67,6.5,1,0,0,0
15,3,999,1,6.67,2.67,6.5,6.25,4,11,0,1,7,7,7,1,2.67,5.5,1.33,0,0,0
15,3,4,1,7,5.33,7,7,2,15,0,2,6.67,7,7,1,3,7,3.83,0,0,0
16,3,7,1,6,7,4,5,3,12,0,1,5,7,6,1,4.33,6.5,1.5,0,0,0
15,3,999,1.4,6,4.67,5.17,5.25,2,15,1,1,4.33,4.67,5,2.67,2.67,5.25,4,0,0,0
15,999,999,1,7,3.67,5.17,5.5,4,13,0,4,2.67,6,4,1.67,3.67,6.75,1.33,0,0,0
15,3,5,1,7,6.67,5.33,999,2,14,1,999,4.33,999,7,1,999,999,999,0,1,0
14,2.5,7,4,3,4,7,4,999,0,0,0,5,4,5.33,2,3,4.75,5.5,0,0,0
14,2,7,1,7,3,5.17,7,3,16,1,2,4,7,5,5,5,6.25,1,0,0,0
15,2.5,999,1.6,5.67,5.67,5.5,6,3,15,1,3,7,7,7,1,2.67,5.5,1.67,0,0,0
15,2.5,999,1,5,4,7,7,5,15,1,4,7,7,7,1,5,7,2,0,0,0
15,2.5,999,1,5.33,4.67,6.17,6.75,2,16,2,4,1,6,4.33,1,2.67,5.5,2,0,0,0
16,3.5,999,2.2,7,5,5.33,6.25,2,11,0,3,6,6.33,6,3,4.67,7,5,0,0,0
17,2,2,4,4,4,4,4,5,0,1,999,4,4,4,4,1,4,4,0,1,0
14,3,999,2.8,4.33,7,6.83,6.75,2,16,1,3,6,7,6.33,1,4.33,6.75,2.33,0,0,0
16,3,7,1,6.67,5.33,6.33,5.75,3,14,1,3,6,5.67,6,1.33,4,6.5,2.5,0,0,0
16,3.5,7,1,7,6.67,7,6.5,4,14,1,4,7,7,6,1,4.67,7,1.33,0,0,0
15,3.5,4,2,6.67,6,7,6.5,2,10,1,1,5.67,7,6,1.33,3,7,3.5,0,0,0
15,3,999,1,7,4.33,7,7,2,10,0,3,7,7,7,1,4.67,7,5.33,0,0,0
16,3.5,6,1,6.67,6,6.83,5.25,3,16,1,4,6,7,7,1,4.67,6.25,3.17,0,0,0
18,2,6,1,3,3,7,7,2,15,0,3,7,6,7,1,4,6.75,2.67,0,0,0
17,2.5,3,1,5,5.33,7,6.75,1,14,1,3,4,7,5,1,2.33,6.5,2,0,0,0
15,4,999,1,5,6.67,6.67,6.25,3,13,1,3,7,7,7,1,3.67,7,1,0,0,0
18,2.5,999,1,5,5,6.5,6.5,2,5,0,0,1,6.67,5,4,5,5.5,4,0,0,0
16,2.5,999,1,5,7,6.67,7,5,15,0,4,5,7,6,2,5,7,1.5,0,0,0
16,3,999,1,2,4,5.5,7,3,15,0,4,4,7,7,1,3.33,7,1.5,0,0,0
16,2.5,999,1,5,3,7,7,2,12,0,3,5,6.33,6.67,1,4.67,7,1.67,0,0,0
16,2.5,7,1.6,5,4.33,6,4.5,2,15,1,999,4.67,5,5,3,3.33,5,4.33,0,1,0
15,2.5,3,1,7,7,6.5,5.75,3,15,1,4,6.67,7,6.67,1,3.33,7,1,0,0,0
15,3,999,1,5,4.33,6.67,6,2,15,0,4,4.33,5.67,5.67,1,4.33,6.25,2.17,0,0,0
14,3.5,3,2.2,4.33,2,5.83,4,4,16,0,3,6,7,5.33,1.33,2,2,3.17,0,0,0
15,2,999,1,7,5.67,6.67,5.75,2,14,999,2,3,7,3.67,3,4.67,6.5,2.5,0,0,1
14,3,4,1,4.67,4.33,6.5,6,5,13,1,999,7,7,7,1,3.33,5.25,1.33,0,1,0
15,3,999,1,4,5,4.67,4.5,2,13,1,1,4.33,6,5.33,1.33,3,4.5,2,0,0,0
15,4,7,2.2,4.67,4,4.33,3.5,3,3,0,0,5.33,4.33,3.33,4,5,4,4,0,0,0
15,2.5,5,1,3,4,5.17,6.75,3,11,0,2,6,7,5,3,4,4.75,4.17,0,0,0
14,2.5,4,2.8,6,4,6,7,3,0,0,1,7,4,5,4,4.67,4,4,0,0,0
14,2,999,1.6,5,6,6.33,7,5,16,999,2,6.67,6.67,7,1,4.67,7,3,0,0,1
13,3.5,999,1,6.67,4.5,5.83,6.25,3,15,0,4,5,6.67,6.67,1,4.67,7,3,0,0,0
16,3,2,3.6,2,999,999,999,1,16,999,1,999,999,999,4,999,4.5,4.33,0,0,1
15,2,4,4,3.67,4.33,4.17,4.5,3,0,0,3,5,5.67,3,4,3.33,5.25,4,0,0,0
16,2.5,999,1,7,7,7,999,2,2,0,999,7,999,7,1,5,7,1,0,1,0
17,2.5,6,1,5.33,5,6.5,6.5,1,15,1,4,5.33,6.33,6.33,1.33,3.67,6,3,0,0,0
14,1.5,999,1,7,6,7,6.75,2,16,2,4,7,7,7,1,4,6.75,1,0,0,0
16,3,5,1.8,4,4,4,7,5,7,1,1,4,4,4,1,5,5,3.67,0,0,0
14,3,999,1,5.33,4.33,5.5,6,5,2,0,0,4.67,6,4.67,2,4.33,6.75,5,0,0,0
14,3,1,1,5,6,7,4,5,13,2,1,4,4,4,1,5,4,4,0,0,0
14,3,3,1,7,7,7,7,2,15,0,4,7,7,7,1,5,7,1,0,0,0
14,2.5,4,1,6,4,4,7,2,1,999,1,4,7,4,1,4.33,7,1.5,0,0,1
14,2.5,2,2.2,4,5,4.33,4.25,3,5,0,1,2,4.33,7,7,3.67,4.25,1,0,0,0
15,3,2,4,6,5,6.5,6.25,3,0,1,1,4,5,6,4,3,7,4,0,0,0
15,3,6,2.2,3.33,3.33,5.5,5.5,5,11,1,2,4,5,4.67,3.33,2.67,5,3,0,0,0
16,4,7,2,4.33,4.67,5.17,7,4,12,2,2,4.67,5.33,4.33,2.33,5,6,2.5,0,0,0
16,2,4,1,5,6,6.67,6,2,16,2,4,7,7,7,1,5,5.75,2,0,0,0
16,2.5,999,1,4.5,2,3.17,4.25,5,16,0,2,4.33,4,3.67,999,2.67,4,4.67,0,0,0
17,3.5,4,1,6.33,5.67,4.17,3.5,2,14,999,2,4.33,4,2,3,1.67,4,3.5,0,0,1
15,4,999,1,7,5.33,5.5,7,5,15,1,3,4,4.67,5.33,2.33,4.67,7,2.5,0,0,0
15,3,999,1,6.67,6,7,6.75,2,10,1,2,5.67,6,6.33,2.33,4.33,6.75,3.83,0,0,0
17,3,6,3.6,5,4,6.5,7,2,11,2,1,7,4.67,7,2,2.67,5.75,4.33,0,0,0
17,2.5,999,2.8,3.67,4.67,4.83,5,2,5,0,1,4.67,5.67,4,2.67,3.67,6,4.17,0,0,0
17,3.5,5,3.6,3.33,3.67,5.5,7,4,14,1,4,5,3.67,4.33,1.33,4,6.75,2.5,0,0,0
16,2.5,6,999,999,999,999,999,4,16,999,999,999,999,999,999,999,999,999,1,1,1
16,3.5,7,1,6.67,5.67,6.17,6.75,2,16,2,1,4,5.33,4.67,4,4,6.75,1,0,0,0
16,3.5,7,3.2,5.33,5.33,6.33,6.5,2,15,2,4,7,4.67,5.67,2,4.33,6.75,2.83,0,0,0
16,3,999,1,5.33,3.67,5.67,6,3,14,1,3,2,5.67,4.67,1,4,5.75,1.67,0,0,0
16,3.5,999,1,7,5,6.5,6.75,2,16,2,4,7,7,7,1,3,6.75,1.83,0,0,0
17,3,3,1,5,1,4,7,3,9,1,1,3,7,5,3,5,7,7,0,0,0
17,3.5,5,1,5,6,6.83,7,1,15,2,2,7,7,7,1,5,7,3,0,0,0
16,3,4,1,7,5.67,6.83,6.25,1,10,1,2,7,6.67,4.33,1,4,6.25,2.67,0,0,0
15,3.5,999,1,5,4,4.83,6.25,3,0,999,3,5.33,6,5.33,4,2.67,6.75,4.17,0,0,1
17,3.5,999,1,5,7,6.5,7,3,13,1,4,7,7,6,2,3.33,7,2,0,0,0
15,4,999,1,7,6.33,6,7,5,16,1,4,7,5.33,7,1,5,7,2.17,0,0,0
17,3,6,1.6,5.33,4.67,6.33,6,4,12,1,1,7,6,5.67,1,2.33,6,1.5,0,0,0
17,3,4,1,5.33,3.33,5,6,5,4,0,3,4,5.67,5,3,4,6.5,2,0,0,0
16,3,999,1,5.33,6,6,7,3,10,0,3,7,6.33,7,1.33,5,7,1,0,0,0
15,3,7,1,5,7,6.17,6.75,5,15,1,3,4,7,7,1,3.67,7,2,0,0,0
17,4,7,1,5,5.33,4,6.5,5,2,2,3,4,4.33,4,4,4,7,5.67,0,0,0
15,2.5,4,1,7,6,6,4.5,3,14,2,2,5.67,4.67,4,3,2.33,5,1.17,0,0,0
16,2,999,1,5,4.33,5.5,5,1,1,1,4,5,4.33,5.33,2,4.67,5,3.33,0,0,0
17,4,999,1,6.33,4,5.83,7,4,15,2,3,4.33,5.33,4.33,2.67,3.33,7,1.5,0,0,0
17,4,6,4.2,5.67,3.67,7,7,5,14,0,3,7,7,7,4,3.67,5.5,1.67,0,0,0
16,3,7,1,3.33,6.67,5.67,7,4,14,1,4,5,5.67,5,1,4.67,7,2.5,0,0,0
17,4,999,1,6,5.33,5.5,6,1,15,1,999,6,6,6,2,5,7,1.5,0,1,0
17,2.5,999,1,4,3,1,7,2,16,0,1,1,4,1,7,5,4,1,0,0,0
16,3.5,7,1,6,5.67,6.5,7,2,13,1,3,6,7,5.67,1.33,4.33,6.5,4,0,0,0
16,1,999,1,6,4.33,5,7,2,16,2,0,5.33,4,5,2,3.67,5,3.5,0,0,0
17,3.5,3,1.8,6,1.67,6.17,7,2,14,1,4,4,5.33,5,2,3,5.5,2,0,0,0
16,3,999,5,6,5,5.33,7,4,11,1,1,4.33,7,5,5,4,4.5,5.33,0,0,0
18,2,4,1,4,4,5.17,7,2,0,0,2,2,4.67,2,5,4,7,5,0,0,0
15,2,6,1,3,5,5,5.25,4,0,999,3,4,4.67,4,5,2.67,4.5,4.5,0,0,1
15,1.5,999,1,3,4.67,3.83,999,1,2,1,1,6,5.67,1.67,6.33,3,4,3.83,0,0,0
16,3,7,1.6,5,2.67,5.67,7,2,11,1,1,6,5.33,6.33,1,4,6.75,1.17,0,0,0
16,3,999,1,7,6,7,7,2,14,2,4,7,7,7,1,5,5.5,3.6,0,0,0
17,2.5,7,1.6,6.33,5.33,6.83,6.75,5,6,1,0,6.67,5.67,5.67,1,5,6.5,3,0,0,0
15,2.5,4,1.6,4,5,6.67,6.5,2,13,2,4,3,5,4,2,3.67,5.75,3.5,0,0,0
17,2.5,1,2.2,3,4,6.5,5.75,3,9,0,2,4.67,3.33,4,2,5,7,4.5,0,0,0
999,999,999,4,3,4,4.67,999,999,11,0,2,4,999,6,4,4,4,4,0,0,0
17,3,999,1,5,4,5.83,6.75,2,9,1,1,4,4,4,2.33,5,5,4.33,0,0,0
17,3.5,999,1,3.67,5,6,6.67,2,15,1,2,3,5.67,5.33,1,4.33,6,2.33,0,0,0
16,3,999,4,4.33,3.67,6.33,6.5,3,15,999,4,5,4.67,5.67,2,4.67,6.5,2.17,0,0,1
17,4,7,1.2,5.33,3.33,7,6.75,2,16,1,3,5,7,3,6,4.33,7,5,0,0,0
15,3.5,999,1,7,4.33,7,5.25,3,14,2,4,4,5,5.67,3,4.33,6.75,1,0,0,0
16,3.5,6,1,6.67,6,7,7,4,16,2,4,7,7,6.67,1.33,4.67,7,2,0,0,0
16,3.5,999,2.8,4.67,4.33,5.83,5.25,4,14,2,3,3.67,4.67,5.33,4,3.67,1,1,0,0,0
16,2.5,4,1.8,2.33,3.67,5.33,5.25,2,15,0,1,6.67,6,5.33,2,3.67,5.25,2.83,0,0,0
15,3,4,1,7,7,6.83,6,2,14,1,4,4,7,6,1,5,7,1,0,0,0
17,3,999,2.2,4.33,3.33,4.5,6.75,5,14,2,1,5,7,6.33,1,4,6.25,4.67,0,0,0
17,2.5,999,1,5.33,4,6.17,5,4,13,1,4,5,6,6.33,1.67,3.67,5.5,1.17,0,0,0
17,3,5,1.4,6,5.67,6.67,5.5,2,14,1,4,4.67,7,5.33,2.33,3.67,6.25,1.17,0,0,0
15,3.5,3,1,7,5,7,7,4,16,1,4,7,7,7,1,5,7,5.5,0,0,0
17,3.5,999,1,6,6,6.67,7,3,16,2,3,5.33,7,7,1,3.33,7,1.17,0,0,0
14,3,3,2.6,4.33,4.67,5.33,5.25,2,12,1,3,4,5,4.33,3,2.33,4.33,4.67,0,0,0
17,3,999,1,7,6,6.5,5.5,2,13,2,4,6.67,7,7,3,4.67,7,4,0,0,0
17,2.5,999,1,5.33,5.67,7,6.25,2,15,2,4,3.33,5,6.67,1,3.67,6.75,2,0,0,0
14,4,5,2.8,7,7,7,7,1,16,1,2,4,6,7,2,4.67,7,4.33,0,0,0
16,2.5,6,1.2,4,4,5.67,3.75,3,7,0,3,5,6,5,4,2.67,2.5,3,0,0,0
17,3.5,7,1.4,5,5,5.67,6.5,1,15,2,4,2.67,6,5,1,4.67,6.5,2.83,0,0,0
17,3,999,3.4,4,4,7,3.75,3,9,2,4,7,4.33,7,1.67,5,7,4,0,0,0
16,4,6,1,4.67,7,6.83,5.75,5,15,1,4,5.67,5.67,7,1,4,6,1.83,0,0,0
17,3,6,3.2,3.33,4,7,5.75,3,13,1,3,7,6,7,6.33,4,5.25,1.17,0,0,0
16,3,999,3.6,5,2.33,5.67,5.25,999,11,1,0,4,4,5,2.67,2.67,5.25,4.5,0,0,0
17,3,2,1,6.67,6.67,6,5,2,16,2,3,5,5.67,5,1.67,3,5.75,1.33,0,0,0
18,3,5,2.2,7,5,7,7,4,15,1,4,1,6,5,1,5,7,1.33,0,0,0
17,2.5,999,1,2.67,5,6,6.5,2,13,1,2,4.33,6.33,5.33,1.33,4,6,3.67,0,0,0
17,3.5,4,1,7,6,4.83,6.75,3,10,1,4,4.33,6.67,5.33,1,4,5.75,1.83,0,0,0
16,4,4,1.6,7,7,5.83,6.75,4,10,1,4,5,7,6,1.33,4,7,1,0,0,0
15,3,5,2,6,6,5.17,7,2,14,1,2,4,6.33,7,1.67,4.33,6.5,3.5,0,0,0
16,3.5,999,1,7,7,7,7,1,16,2,4,7,7,6.67,1,4,7,2.33,0,0,0
17,3.5,3,1.8,6.67,6.67,6.5,5,2,16,2,4,6.67,7,7,1,3,6.75,1.67,0,0,0
15,3,999,999,5.5,6,6.83,7,3,15,1,3,5.67,6.67,7,999,4.67,6,1.67,1,0,0
14,3.5,4,1,2,6.67,5.33,5.5,2,16,2,4,6,6.33,6,3,2,3.5,2.17,0,0,0
17,3,999,3.4,4.67,3.33,5.17,5.75,2,9,0,3,4.67,6,6.33,1.33,2.67,6,4.83,0,0,0
15,3.5,999,1,7,3.33,6.67,7,2,9,999,1,6.33,7,7,1,3.67,6.25,2.83,0,0,1
15,3.5,999,1,7,5.33,6.83,6.5,1,16,1,3,6.33,7,6.33,1.33,2.67,7,1.67,0,0,0
17,3,999,1.6,2,4,5.5,5.5,4,14,1,999,5.33,5.33,6,2,2.67,5,5,0,1,0
17,2,7,1,5,3.33,6,7,3,15,1,4,4,6.67,6,3,3.33,7,4.17,0,0,0
16,3.5,5,1,6,7,7,7,4,16,1,4,7,7,7,1,5,7,1.5,0,0,0
17,3.5,2,1.6,5.33,5.67,6.83,6.25,2,16,2,4,7,7,7,2.67,3.67,5.5,3,0,0,0
16,3.5,999,1.6,7,4,6,6.5,3,3,1,4,6,6,6,1,3.33,6,1.5,0,0,0
17,2.5,999,1.6,5,4.33,6.5,6.5,4,14,2,4,6,7,6.67,1,5,6.25,4,0,0,0
16,3.5,4,3,4,3.33,6.5,7,3,12,0,4,7,7,7,1,3.67,7,3,0,0,0
17,2,4,1,5.67,7,7,6.75,3,15,1,2,7,6,6,1.33,3.33,6.75,1.83,0,0,0
17,4,999,1,4.33,5,5.83,6.75,2,14,2,4,5.33,6,6.33,1,3.67,6.5,3.33,0,0,0
17,2.5,4,1,5,5.67,6.5,7,1,9,1,999,5,7,7,1.67,3.33,7,5.67,0,1,0
16,2,999,3.4,5,4,4,6.25,2,4,2,1,4,4,4,4,4,4,4,0,0,0
17,3.5,6,2.4,5,6.33,6.83,7,4,15,1,4,5.67,6.67,5,1,4.33,7,2.33,0,0,0
16,3,5,1,7,5.33,6.33,7,5,16,999,3,6.33,4,6,2.67,5,5.75,3.33,0,0,1
17,4,7,1,5,6,7,7,4,13,2,4,7,7,7,1,5,7,1,0,0,0
16,2.5,4,1.6,1.33,1.67,7,6.67,3,17,2,3,5.33,7,5,3,3,6.75,4,0,0,0
17,2,7,1,5,7,5,6,2,16,1,2,7,7,7,1,1.67,4.75,2.5,0,0,0
17,3.5,7,1,7,6.33,7,6.5,2,15,2,4,6.67,7,7,1,5,6.75,2.5,0,0,0
17,3.5,999,1,4.67,5.67,6.33,6.75,2,11,1,3,7,7,7,1.33,3.67,6,2.33,0,0,0
15,2.5,4,999,7,3,7,7,5,16,2,2,7,7,7,2,5,5.5,2.83,1,0,0
15,3,999,3.6,5,7,7,6.75,2,16,1,3,7,7,7,1,3.33,6.75,1.33,0,0,0
16,3,999,1,7,5.33,6.5,7,2,15,2,3,7,7,7,1,3.33,5.5,1.67,0,0,0
15,3.5,1,1.4,6.33,5,6.67,6.25,2,16,2,4,6.67,6.67,6.67,1.67,4.33,6.75,1.67,0,0,0
16,3.5,7,1,6.67,7,7,7,4,14,1,3,7,7,7,3,5,7,5.83,0,0,0
17,2.5,5,1,4,7,7,7,3,0,0,3,7,5,7,1,5,7,1,0,0,0
999,999,999,3.2,5.33,4.33,6,6.5,999,13,1,3,7,7,7,1,5,7,3.67,0,0,0
15,3,5,3.6,4,3.33,6,5,2,16,1,4,6,6,6,1.67,2.67,4.5,3.67,0,0,0
15,3,7,1,5,3.67,6,7,4,15,2,3,5,6.67,5.67,7,999,7,2.17,0,0,0
16,3.5,6,1,6,6.67,6.5,7,4,16,2,4,4,7,6.33,1,4.67,7,1.33,0,0,0
15,4,999,1,5.67,5.33,6,6,2,13,2,4,6,6,5.67,1.67,3.67,5.75,4.17,0,0,0
18,4,4,1,5.33,5,6.33,6.25,3,16,2,4,7,6.33,7,1,2.33,7,1.33,0,0,0
16,3.5,3,4.6,3.67,4,7,6.25,2,13,1,2,4,7,6.33,1.67,2.67,5.75,4.33,0,0,0
14,3,999,1,6.67,5.33,6.67,7,4,12,2,4,4,6.67,7,1.33,4.33,6,2.67,0,0,0
14,3.5,4,2.8,5,2.33,6.33,7,2,8,1,4,3,6,5,1,5,6,2.33,0,0,0
16,3.5,6,1,5.67,3.33,6,6,2,16,1,4,5.33,4.33,5.33,1,4.33,7,4,0,0,0
16,3.5,4,1.6,6.67,6,6.5,6.5,2,17,2,4,7,6.67,7,1,4.33,7,1,0,0,0
15,3,3,2.6,6.67,3.67,7,6.25,3,14,0,3,5.33,6,6,2,4,6.75,3,0,0,0
16,3,3,1,6,3.67,7,6.75,4,13,1,3,7,7,7,1,4,4,4,0,0,0
16,2.5,999,1,3,5,6.67,6.5,4,9,1,999,7,4,7,1,5,4,3.33,0,1,0
15,3,5,1,7,7,7,7,5,16,0,4,7,7,7,1,5,7,4.67,0,0,0
15,3,999,1,7,7,7,7,2,14,1,4,6.33,6,7,1.67,4.33,7,1.33,0,0,0
17,3.5,4,1,7,5.67,6.67,7,3,16,2,4,7,7,7,3,4.33,6.5,2,0,0,0
14,4,4,1,6.33,5,7,7,5,16,2,2,4,6,7,1,5,7,2,0,0,0
17,3,6,1,7,7,5.67,5.5,3,7,2,2,6,5.33,4.33,1.33,2.67,6,1,0,0,0
16,4,5,1,3,7,7,7,5,16,2,4,4,6,4,1,5,7,2.5,0,0,0
14,3.5,999,1,6.67,5,7,6.75,5,14,2,3,7,6,6.67,1,3.67,6,2,0,0,0
15,2.5,4,1,2.67,5,6.33,6,4,10,0,0,5.33,5.67,6,1,3.67,4.75,2.5,0,0,0
15,3.5,999,2,4,4,4.67,7,1,16,1,3,4,5.33,5.67,2,4,6,4.6,0,0,0
15,3,2,1.6,5.33,5.33,5.83,6.5,2,0,0,4,6,4,6,1,4,6,3.33,0,0,0
14,2.5,999,4,4,4,4,4,2,3,0,1,4,4,4,4,4,4,4,0,0,0
16,3,7,1,6,5,7,7,5,18,1,4,999,7,999,1,4.67,7,2.33,0,0,0
16,3,999,1,6.67,7,5.83,6.5,2,15,0,4,7,7,7,1.33,4.33,7,1.17,0,0,0
15,4,7,1,4.67,5,6.83,7,999,12,2,3,6.67,6,6,2,4.67,7,1.83,0,0,0
15,4,7,1,6,5.33,7,7,5,10,1,3,7,7,7,1,4.33,7,1.5,0,0,0
15,3.5,7,1.6,6,5.33,5.5,6.25,4,16,1,4,5,4.67,5.67,2.67,3.67,6.75,3.17,0,0,0
15,2.5,6,1.2,5.67,5.67,6.33,5,5,14,1,4,6,6,6,1,5,6,2.67,0,0,0
15,2,999,1,4.33,4,6,6,4,13,0,4,5,6,5.67,1,3,6,4.17,0,0,0
15,3.5,4,1,6,6.67,6.5,7,4,6,1,1,6,4,6,3,4,5.5,4,0,0,0
16,3.5,999,4,4,4,5.67,7,1,16,0,3,4.33,7,6.67,1,4,7,5.33,0,0,0
15,4,7,1,7,3.67,7,6.5,2,12,999,3,5.33,7,7,1.33,5,7,1.5,0,0,1
16,2,7,4,4,4,4,4,999,8,0,999,4,4,4,4,5,4,4,0,1,0
16,2,999,4,4,5,4,4,3,0,0,0,4,4,4,4,4,4,4,0,0,0
17,4,7,1,6.67,5.67,6.67,7,5,9,1,2,1,5,4.33,1,5,7,2.67,0,0,0
18,2,4,1,6,6,7,7,4,4,1,0,3,4,5,2,4,5.5,4.83,0,0,0
14,2,999,1,5,4,6,4,5,0,0,0,4,4,4,3,999,4,4,0,0,0
16,2.5,999,2.6,3,4,4,7,999,0,999,999,4,4,4,3,999,4,4,0,1,1
15,4,6,1,7,5.67,6,7,2,14,2,3,3.33,5.33,6,1.67,4.33,7,4,0,0,0
16,2.5,999,4,4,4,4,4,5,0,0,1,4,4.33,4,4,3.33,6,5,0,0,0
14,2.5,999,4,4,4,4,4,3,0,0,0,4,4,4,4,1,4,4,0,0,0
16,2,4,4,4,4,4,4,2,0,0,0,4,4,4,4,3.33,4,4,0,0,0
16,3.5,3,1,6,6,5.5,4,5,15,0,0,4.67,4,6,7,3,5.25,1,0,0,0
15,3,999,1,5,5,6,4,5,0,0,0,5,4,4,1,5,4,4,0,0,0
17,2,999,4,4,6,4.5,4,5,0,0,0,5,4,6,4,3,4,4,0,0,0
14,3.5,999,1,5.33,7,7,7,4,11,1,3,4,3.33,5,1,5,7,3.17,0,0,0
17,1.5,4,1,5,5.33,1.67,7,1,0,0,0,1,4,1,2,3,4,4,0,0,0
18,2,6,1,6.33,4.33,6.17,6.75,5,8,0,2,3.67,6,5,1.67,4.33,5.5,2.33,0,0,0
16,2.5,5,4,4,4,4,4,3,0,0,999,4,4,4,4,3,4,4,0,1,0
17,2.5,1,1,5,3,4,7,999,9,999,0,4,4,4,1,3.33,2.5,1,0,0,1
18,2.5,5,1,5.67,6.67,6.67,6,4,9,999,3,4,5.33,5.33,1.33,4.33,5.5,1.67,0,0,1
16,3,999,4,5,4,4,6.75,5,0,0,0,4,4,4,4,2.33,4,4,0,0,0
14,3.5,7,1,6.67,7,5.5,5.5,3,7,0,3,5,3.67,4,2.33,3.67,6,2.5,0,0,0
16,3,6,2.6,4.67,3,5.5,7,5,13,0,1,4,5.33,4,4.33,5,5,3.67,0,0,0
17,3.5,999,1,7,3,6.33,5,3,14,0,2,7,7,7,1,4,6.75,3,0,0,0
16,3.5,6,3.8,6.67,5,7,7,4,17,1,3,5,7,7,1,5,7,3.67,0,0,0
14,3.5,7,1.2,5.67,5.67,6.17,6.75,5,12,1,2,2.67,3.67,4,2.33,4.33,7,2.4,0,0,0
18,3.5,999,1,5,1.33,7,7,3,5,1,999,7,7,7,1,4.33,7,2,0,1,0
16,1.5,7,1.2,3,4,4,4,3,16,1,999,4,4,4,7,5,4,4,0,1,0
17,3.5,7,1,5,4.67,3.83,5.75,5,6,0,2,4,4,4,2,3.33,6.25,1.5,0,0,0
15,3.5,999,4.2,5.5,5,6.17,7,3,12,0,2,5,5,5.33,1.67,3.67,5.75,2.33,0,0,0
17,3.5,7,1,5,4,4,4,2,16,0,0,4,4,4,1,5,4,4,0,0,0
16,3,999,1.4,5.33,5,6.83,6.25,999,14,1,2,4,5.33,5,1.33,4,6.75,2.33,0,0,0
15,4,5,1,5.67,3,5.83,7,5,13,1,999,4.33,6.67,5.33,3.67,4.33,7,1.83,0,1,0
17,3.5,7,4.8,5.33,3.67,4,5.5,2,1,0,3,4,5,4,4,3,7,4,0,0,0
15,4,7,1,6,5,6,6,3,14,1,3,4.67,6,5.33,1.67,4,6.5,2.67,0,0,0
17,2.5,5,4,4,4,4,4,2,0,0,0,4,4,4,4,3,4,4,0,0,0
15,3,999,1,7,5.33,7,7,2,2,0,0,6,7,7,1,4,7,5.17,0,0,0
17,3.5,999,1,7,5,6.67,6.5,2,13,0,0,4,6,7,1,4.33,6.25,1,0,0,0
16,3.5,999,1,7,5.33,6.83,6.5,5,14,0,2,7,7,7,1,4.33,6.25,4.17,0,0,0
15,2,999,5.2,2.67,4,6.5,6,3,5,999,1,3,5.33,4.33,1,3,5,4.33,0,0,1
18,3.5,7,4,4,4,4,4,1,0,0,0,4,4,4,4,2.33,4,4,0,0,0
15,3.5,999,1,5.33,7,7,7,4,15,0,1,4.67,6.67,6.67,2,5,7,1,0,0,0
16,4,4,1,6.67,3,6,4.75,5,4,1,1,1.33,6,5.67,4,5,5.75,2.83,0,0,0
16,4,7,1,7,6.33,5.67,6,4,15,1,3,4,5.33,5,3,4.33,7,1,0,0,0
14,3.5,7,1,4.67,3.33,5.67,6.25,4,9,2,4,4,5.33,5.67,1.67,4,5.5,3,0,0,0
15,3.5,999,1,7,7,6.83,6.5,4,9,0,3,7,7,7,1,5,7,1,0,0,0
14,3,5,1.6,6,4,6,5.25,2,13,1,2,3.67,5.33,4.33,2.67,4,5.75,2.17,0,0,0
14,3.5,999,2,4,3.67,7,6,5,14,0,3,5.33,6,6,2,5,6,3,0,0,0
15,3.5,5,2.8,5,5,4,4.5,3,5,0,2,4,4,4,4,5,5.5,4,0,0,0
14,3.5,2,1,6.67,5.67,7,7,2,14,1,2,5,6.67,6.33,2,4.33,6,5,0,0,0
17,4,6,3,4.33,999,4.67,5.5,3,14,999,3,2.67,5.67,5,2,3.67,5.25,3.67,0,0,1
18,2,5,999,6.5,4.67,6.5,6.25,2,16,0,2,6.33,6.67,6.67,999,2.33,6.5,6.5,1,0,0
16,3.5,4,1,5,6,6.5,6.25,2,15,1,3,4,6,6,1,4.33,7,3.5,0,0,0
16,3.5,999,1.6,4.33,4,5.67,4.75,4,0,0,0,5,4,4.33,2,4.33,4,4,0,0,0
15,4,7,1,2.33,3.67,5.5,6.5,3,12,1,3,5.67,7,6.33,3,4,7,2.5,0,0,0
14,3,5,4,4,4,4,4.75,2,0,0,0,4,4,4,4,4.33,4,4,0,0,0
15,4,5,1,7,6.33,5.67,5.75,2,15,1,3,5,6,5,1,3,6.25,2.33,0,0,0
17,4,6,1,5.67,5,7,7,2,16,0,2,4.33,6,5,1.67,4,6.75,1,0,0,0
18,3,2,2.2,3,4,3.33,4.5,2,14,0,999,4,4,4,4,999,5,4.67,0,1,0
18,2.5,4,1,4,4,5,6.5,1,8,0,0,4,4,7,2.67,4.33,6,6.5,0,0,0
14,4,999,1,7,5,6.5,7,3,12,1,2,3,3.67,3,1,5,7,2.83,0,0,0
15,3,999,2,2.33,3.33,6.33,7,2,14,999,2,4.33,5.33,6.33,1.33,4.33,7,2.5,0,0,1
15,2.5,999,1,3.33,4,6.17,6.25,5,9,1,2,5.67,5.67,5,1,4,5.5,5.17,0,0,0
15,1,999,1,5.33,6.33,4.33,5.25,4,8,0,0,4,4,4,4.33,3,5,2.17,0,0,0
14,1.5,999,1,5.33,4.67,7,6.67,4,13,0,0,4,6,7,1.67,1.67,5.5,4.17,0,0,0
15,4,999,4.2,5.67,3,5.33,5.5,1,12,999,0,6,4.33,4.33,1.33,3,5.5,4,0,0,1
14,3,999,1,6.33,6.33,7,6,1,4,0,999,7,7,7,1,4.67,6,2,0,1,0
15,4,2,1,2,3.67,1.6,2.5,5,2,0,0,1.67,4,1.33,6.67,3,3.5,1.33,0,0,0
15,3.5,7,1,7,7,5.33,4.75,1,12,2,999,4.67,4,2.67,3,3,5,2.17,0,1,0
16,2,999,2.8,3.67,3,6,5.5,4,16,0,2,5.33,5,6,4,4,4.75,3.67,0,0,0
14,0.5,6,1,4,5.67,7,6,999,14,999,1,4.33,6,5.67,3,4.33,4.5,2.33,0,0,1
15,3.5,999,1,7,5.33,7,6,2,15,1,4,7,6,7,1,4,6,3.17,0,0,0
16,3,7,1,7,2,7,7,1,16,1,1,7,7,7,1,5,7,1.67,0,0,0
16,2,4,1.6,5.67,4,7,6,4,16,1,3,4,4.67,4,3,4,6.25,3.17,0,0,0
16,4,7,1,7,5,7,7,3,4,999,999,7,5,6,2,4.67,6,2.17,0,1,1
14,3,2,1,6.67,7,7,7,4,5,0,4,5.67,6.33,7,2,4.33,7,4.17,0,0,0
16,3,5,1,7,4,7,7,4,15,1,3,4,5,6,1,2.33,7,2.17,0,0,0
15,3.5,999,1.6,4,3.33,4.83,5,3,13,1,2,3.67,4.33,3.67,2.67,3.33,4.75,2.83,0,0,0
17,2,4,2.2,4.67,4,6.17,5,4,15,1,1,4,4,2.33,3,4,7,4.67,0,0,0
17,3,6,2.2,4,4,7,4,3,0,0,1,5,4,5,1,3,4,4,0,0,0
17,3,999,1,5.67,5,6.5,5.5,3,16,2,4,5,5.67,5,1.67,3.33,6.5,2.17,0,0,0
16,4,7,1.6,4,4,5.67,6.75,3,8,2,3,999,6,5.67,1.67,5,6.5,3.17,0,0,0
16,4,7,1.4,5.67,5.33,4.83,6,4,14,2,3,5.67,6,6.67,1.33,3,6.75,2.83,0,0,0
18,2.5,5,1,3.67,7,7,4,3,0,0,0,7,4,7,1,5,4,4.5,0,0,0
16,4,999,1,6,5.33,5.67,6,4,14,1,4,5,5,5,2.33,4,6,2.5,0,0,0
16,3,2,1,6.33,6.33,4.8,6.25,3,16,2,2,4.33,5.33,5,2.67,3.33,5.5,2.17,0,0,0
17,2,7,1,7,5,6.5,5.5,1,15,0,4,7,7,1.33,3,2.33,4.5,2.83,0,0,0
16,3.5,3,1,5.67,5.67,5.67,6.25,3,13,2,4,3,6,4.67,2.33,3,7,2.17,0,0,0
19,2,1,1,4.67,5.67,6.5,7,5,13,0,3,6.67,7,5,3,3.67,5,2,0,0,0
18,2,999,1,7,5,6.5,6.75,3,16,1,2,7,7,7,1,4.67,6.75,1.83,0,0,0
18,3,7,2.2,5.33,4,5.83,5.5,4,14,0,0,4.33,5.33,5,3.33,3.33,5,4.67,0,0,0
17,3.5,7,2.2,3,3,6,7,3,15,2,3,4,7,4,1,1,3.75,4.33,0,0,0
16,4,7,1,5.67,4.33,7,7,2,12,0,2,7,4,7,2,5,7,1.33,0,0,0
18,2,999,1,5.33,6,6.17,6.25,3,14,0,2,4.33,6,5,3,3.67,5.75,3.67,0,0,0
16,2.5,4,1.6,7,3,7,6.75,1,15,1,3,7,5.67,7,1,2.33,5.25,5.5,0,0,0
16,3,4,1,4.67,7,5.5,6.5,999,11,1,1,5.67,4.67,6.67,1.33,3,5.75,2,0,0,0
17,3.5,6,1,4.67,3,6.5,6,1,16,1,4,7,7,7,1,3.33,6,1.17,0,0,0
18,3,3,1,5,7,7,7,2,16,1,4,7,7,5,1,2.67,7,1.5,0,0,0
16,2,999,4,5,4,4.17,5.75,2,0,1,0,4,4,4,2,3.67,4,4,0,0,0
16,3.5,999,1,5.33,5,6.83,7,1,15,1,4,7,5,7,1,2,5,3.33,0,0,0
17,4,7,1,7,7,5.5,5.75,3,15,2,4,5.33,5,6,1,4,6,2.83,0,0,0
16,4,999,1,4.33,6,5,6.5,2,12,1,4,5,7,5,1,5,6,1,0,0,0
18,3,999,4,3.67,4.67,4.5,7,3,10,2,1,4.33,4,4,4,3.33,5.75,3.5,0,0,0
16,3,2,1,5,3,6.5,7,4,10,1,3,7,7,7,1,3.33,7,1.33,0,0,0
16,4,7,2.8,4,5.33,7,6.25,4,16,1,4,5,7,6,1,3.67,6,3.5,0,0,0
15,4,5,1,6,5.67,6.67,6.5,2,15,2,4,6.33,6.67,6.33,1.67,4,7,1.33,0,0,0
16,2.5,7,1.6,3.67,5,5,4.5,2,2,2,0,5,4,5,2,3,4,4,0,0,0
15,4,999,1,6.67,5.67,6.67,7,4,16,1,3,6.33,6.33,5.67,1.67,4.33,7,1.67,0,0,0
16,3.5,6,1,7,6.67,6.5,5.75,4,15,2,999,7,6,4,3,3.67,7,3,0,1,0
17,2.5,6,3.2,5.67,1,7,7,4,16,1,4,1,7,6.33,1,3.33,7,5.17,0,0,0
17,3.5,7,1,5.33,4.33,5.5,6,4,15,2,0,6,4.33,6,1.33,4,4.75,3.17,0,0,0
17,3,999,1,7,2,7,4.5,4,15,1,4,7,5.67,6.67,1,4,4,1,0,0,0
17,2,7,1,6.33,6.33,6.67,6,2,13,1,4,4.33,6.33,4.67,1,4,5.25,3.83,0,0,0
16,3,7,1,3,7,6.5,7,2,16,1,4,3.67,7,4.33,1,3,6.75,2.17,0,0,0
17,3.5,4,1,3.67,3,5.17,6.75,2,14,1,4,5.33,7,6,1,3,5,1.83,0,0,0
16,3,5,4,4,4,4,4,999,0,0,1,4,4,4,4,3.67,4,4,0,0,0
999,999,999,1,6.67,6.67,6,6.75,999,10,0,1,4,6,5,1,4.33,6,3.17,0,0,0
17,2.5,6,1,6,6,6,7,3,6,1,1,4,4,4,3,5,7,3.5,0,0,0
17,3.5,6,6.2,7,5,7,7,3,15,999,1,7,7,7,1,999,7,7,0,0,1
17,3.5,999,1,7,7,4.5,5.75,1,1,1,3,5,5,5.33,2,3.33,7,1,0,0,0
15,3,999,2.2,5.5,2,6.5,999,4,0,0,2,7,999,7,2,999,4,4,0,0,0
17,2.5,4,1,7,6.33,6.33,6.75,2,6,999,2,1,7,6,3,5,7,1,0,0,1
16,2,999,1,7,4,7,7,1,3,1,0,7,4,7,4,5,1,1,0,0,0
17,2,1,1,5.67,5,6.17,6,4,15,2,4,5,3.67,5,1.67,4,4.75,4.5,0,0,0
17,3,5,1,6,6.67,5.17,7,4,1,1,4,4,6,3,2,4.67,6.33,4,0,0,0
17,2,999,4,4,4,4,4,2,0,0,0,4,4,4,4,1,4,4,0,0,0
15,3,4,3,4,4.33,4.83,6,4,15,1,2,5,4.33,4.67,4,4,5.25,3.83,0,0,0
14,3,1,1,7,5.67,5.17,7,3,11,1,2,5.33,6.33,7,1,5,7,3.5,0,0,0
17,3.5,5,3.4,4.5,4,3.33,3.5,2,16,1,0,4,4.67,4.33,4,3.33,4.25,4,0,0,0
16,3,999,2.5,5.33,5,6.5,7,2,16,2,3,6,7,4,1,4.67,7,6,0,0,0
16,2,999,1,4,5,7,7,3,16,0,4,7,7,7,1,5,7,4,0,0,0
16,2.5,2,1,6,6.67,5.83,7,2,11,0,2,6,6.67,6,2.33,4.67,3.5,2,0,0,0
16,3.5,999,2.2,5,4,4.83,4,1,0,0,0,5.67,4,6.33,2,3.67,4.25,4,0,0,0
17,4,999,1,3.67,4.67,6,7,2,0,0,3,6,6,5.33,1,3.33,7,2.67,0,0,0
16,3.5,999,1,4.67,5.67,6.67,6.75,4,11,2,2,5.33,6.33,6.33,1,4.33,6.5,1.5,0,0,0
14,3,5,4,4,7,7,6.25,2,15,1,2,7,7,7,1,5,7,4.17,0,0,0
17,3.5,7,1,7,7,6.33,7,4,15,999,1,5,6,6.67,1,5,7,2.67,0,0,1
18,2,999,3.4,4,1,7,7,999,16,1,3,7,7,7,1,5,7,6,0,0,0
17,4,4,1,7,5.33,6.67,6.25,4,16,2,4,5,5.67,5.67,1.33,3.33,6,2.33,0,0,0
16,4,7,1.4,5.33,5.67,5.5,6,2,10,2,1,4.33,6,5.33,1.67,3,6.25,2.17,0,0,0
16,3.5,7,1,5.67,4,6.83,7,2,16,0,2,5.67,5.67,6,1.33,4,7,1.83,0,0,0
15,4,7,1,6.67,6.67,6,6.5,3,15,1,4,4,7,6.67,1.33,4.33,6.25,3.17,0,0,0
15,4,7,1,5,5,6.67,7,4,14,1,3,7,7,7,1,5,7,4.5,0,0,0
16,3.5,999,2.2,5,6,7,7,2,15,1,2,7,7,7,1,5,7,1.5,0,0,0
15,4,999,1,4.33,2.67,6,7,3,13,1,999,2.33,4.33,3.67,2.33,4,7,1.17,0,1,0
16,3.5,4,1,7,5.67,6.5,5.75,2,11,1,3,6.33,6,6,1,2.67,7,1.83,0,0,0
15,3.5,7,1,4.67,4.33,5.83,5.5,2,13,0,3,3.33,5.67,5,2.67,3,5.5,2.83,0,0,0
16,3,7,1.2,3,5.33,7,7,1,14,0,0,5.33,7,7,1,4.67,7,1.83,0,0,0
17,3.5,7,1.8,6.67,5.33,5.33,5.75,4,15,0,3,4,5.67,5,1.67,3.33,6,1.83,0,0,0
17,3,999,2.8,4,3.33,6,6.75,1,2,2,3,4,5,4.33,6,4,6.5,4,0,0,0
16,3.5,999,2.6,4.33,3.67,6.83,5,2,5,1,3,4,5.33,4,1.67,3.33,6,3,0,0,0
15,4,4,1,6,6,6,4.5,2,15,1,3,6,6,7,1,3.33,4.25,1.83,0,0,0
16,3.5,999,1,7,7,6.67,7,5,14,1,1,7,7,7,1,4,7,1,0,0,0
16,4,7,1,5,6.33,6.67,6.5,4,13,1,3,6.67,6.33,6,1,3,6.75,1.33,0,0,0
15,3.5,999,1,6.33,3,6,6.75,4,12,1,3,4.67,6,5,1,4,7,1.33,0,0,0
17,3.5,6,4.6,1,1,7,7,1,13,2,3,3,7,7,1,2.67,7,4,0,0,0
17,3.5,999,2,4.67,3,6.83,6.75,2,4,1,3,5.33,6.33,7,2.33,3.33,6.5,2.17,0,0,0
16,4,999,1,4.67,7,7,6.5,2,15,1,2,5,4.67,6,1,4,7,1.67,0,0,0
999,999,999,1,5.67,7,7,7,999,12,1,2,6,6.67,7,1,4,7,1.83,0,0,0
16,3,5,1,3,5.33,4.5,4.75,2,13,1,2,5,6,5.67,1.33,4,5.75,3.33,0,0,0
17,3,999,1,6,5,7,7,3,0,0,0,7,7,7,1,5,5.5,2.5,0,0,0
999,999,999,1,6,4.33,6.67,6.5,999,8,0,2,5.67,7,6,1,3.67,6.5,1.67,0,0,0
15,3.5,7,1,4.33,3.33,6.33,5.5,3,13,2,3,3.67,6,5,2,4.33,6,3,0,0,0
17,2.5,999,1,4.67,3,5.33,5.5,2,4,0,1,4,5.33,4,3.67,3,6.5,5.33,0,0,0
16,4,7,1.2,5.33,6,5,6,2,15,1,2,2,5,4.33,1.67,4.33,6.5,2,0,0,0
15,3.5,7,4,5,4,4,7,5,0,1,1,4,4,4,4,5,4,4,0,0,0
16,3.5,5,1,7,999,6.67,6.25,3,15,999,3,4,5,7,3,4,7,1,0,0,1
14,2.5,5,999,999,999,999,999,2,16,999,999,999,999,999,999,999,999,999,1,1,1
14,3,999,999,999,999,999,999,3,16,999,999,999,999,999,999,999,999,999,1,1,1
14,4,6,1,2.67,4,4.67,3.75,4,6,0,1,4,4,4,4,3.33,4,4,0,0,0
15,3.5,999,1,5,4,6,4,3,13,1,0,4,4,4,6,5,4,4,0,0,0
15,999,999,1,7,6,7,7,5,13,1,0,7,4,6.33,1,5,4,4,0,0,0
14,4,3,1,7,6,6.5,7,5,9,1,2,3.33,6,2,3,5,7,2.17,0,0,0
14,4,999,1,7,3.33,6,6.25,5,9,1,3,1.33,3,1,2.33,3.33,6.5,3,0,0,0
17,2,6,4.4,2.67,4,4,5.5,3,4,0,0,4,3.67,4,5,3.33,4,4.33,0,0,0
18,3,7,1,2.67,3.33,5.83,7,5,13,0,1,3.33,4.67,4.33,2,5,7,2.83,0,0,0
17,2.5,999,4,4,999,4,6.25,2,0,0,999,4,4,4,4,3.33,4,4,0,1,0
16,3,6,1,3,3,7,7,3,16,2,999,7,4,7,5,3,4,4,0,1,0
16,2.5,7,3.4,3.33,4,1,6.75,3,9,0,0,1,7,1,4,5,5.5,4,0,0,0
17,2.5,7,1,5.67,7,6.5,7,2,16,1,4,7,7,7,1,5,7,3.33,0,0,0
999,999,7,4,4,4,4,4,4,0,0,0,4,4,4,4,5,4,4,0,0,0
17,3,999,4,4,4,4,4,5,0,0,0,4,4,4,4,1,4,4,0,0,0
17,2,7,3.8,3.67,3.67,5,6.25,2,7,0,0,5.33,5.33,5,2.67,3.33,4,4,0,0,0
14,3,3,1,6,7,4.67,7,2,7,2,4,1,5,4,2,4,6.75,3.67,0,0,0
15,3.5,7,1,7,6,5.83,6,3,13,1,1,4.33,6,5.33,1.33,4,6.5,2.17,0,0,0
17,2,7,999,999,999,999,999,4,16,999,999,999,999,999,999,999,999,999,1,1,1
16,2,999,4,4,4,5.83,4,2,0,0,0,4,4,4,4,1,4,4,0,0,0
16,3,999,1,4,5,7,4.75,3,3,0,0,7,6,7,7,1,4,4,0,0,0
17,3.5,6,1.4,3,2.33,6.33,7,1,16,1,1,4,7,5,4,2,7,2,0,0,0
17,3.5,7,1,7,7,6.67,7,4,13,1,1,3.33,6.33,5.33,1.33,4.67,7,1.17,0,0,0
15,3.5,999,999,999,999,999,999,1,16,999,999,999,999,999,999,999,999,999,1,1,1
18,1.5,6,1,6,5,7,7,2,16,0,1,4,6,7,1,4.33,5.5,3.5,0,0,0
15,2.5,7,1,5,4,5.5,4,3,0,0,2,4,7,5.67,3.67,3,4.75,4.33,0,0,0
15,3,999,999,5.5,4,4,4.25,2,14,999,1,4,6,4,999,999,4,4,1,0,1
999,999,999,1.2,7,5.33,4.17,6.75,999,3,1,2,5,7,5,1.67,5,7,2.5,0,0,0
14,3.5,4,3.4,3.33,4,4,5.5,3,6,0,1,4,4,4,4,4.67,5.25,4,0,0,0
14,999,999,4,3,4,4,7,5,0,999,2,4,1,4,4,5,2.5,5,0,0,1
16,3.5,7,2.6,1,2.33,5.17,4.5,3,13,1,2,4.33,4.33,5,1.33,3,5,4.67,0,0,0
17,2.5,7,1,7,5,6,7,4,11,1,3,7,7,7,1,5,6.75,4.5,0,0,0
16,2.5,6,4,2,2.33,6.17,7,2,0,1,3,1,5,1,2.67,1,5.75,5,0,0,0
15,3.5,7,1,5.67,4,5.33,7,3,15,1,4,5.67,5,6,1.33,4,7,3,0,0,0
16,3,7,1.8,5.33,2,7,7,2,16,1,4,7,6.67,7,1,5,6.5,2,0,0,0
18,2.5,7,1,7,7,6.5,7,3,16,2,3,7,7,7,1,5,7,1.5,0,0,0
16,3.5,999,4,4,4,4,4,1,16,1,0,4,4,4,4,3.33,4,4,0,0,0
16,4,7,3.6,6,5,7,7,5,16,1,4,7,7,7,1,5,7,2,0,0,0
15,3.5,7,4,3,1.33,7,6.25,4,16,2,4,7,5.33,7,1,4,5.5,6.33,0,0,0
16,3,7,2.6,4.67,4,6,7,3,16,2,4,6,6,2.67,2,4,6,3.17,0,0,0
16,4,7,1,6.67,5,6.83,7,2,16,2,4,6,5.67,6,1,5,7,3.5,0,0,0
17,3.5,7,1,6.67,6,6.33,5.75,2,14,1,3,7,5,7,2,4.67,7,1.5,0,0,0
15,3,999,1,6.33,6.33,4.33,5.5,2,13,1,3,5,6,5.33,7,3,5.5,2.5,0,0,0
17,2,7,1,4,4,4,6,1,0,0,999,4,4,4,7,3.67,4,4,0,1,0
14,3.5,7,2.8,4.67,4.67,4.33,6.75,2,15,2,3,2,6,4,2.33,4,5.75,1.5,0,0,0
14,3.5,4,1,4,6,5.67,7,4,16,1,3,1,7,6,1.33,3,4,1,0,0,0
14,3.5,999,2.2,5.33,5.33,7,7,3,16,1,3,7,7,7,3,4.67,6.75,2.33,0,0,0
15,3.5,6,1.6,6,4.67,4.67,6.5,2,12,1,3,5.67,5.67,4,1.67,3.67,6,2.17,0,0,0
17,3,4,1,4.33,3.67,5.33,7,4,16,2,1,5,6,6,1.67,4,6,2,0,0,0
17,2,3,7,6,5,4,7,2,14,1,1,4,7,4,1,5,5,3.33,0,0,0
16,3.5,2,2,4.67,5.33,6,5.75,4,14,2,4,5.33,6,5.33,1.67,4,6,3.5,0,0,0
15,3,7,1.6,5.33,3.67,6.67,7,4,17,1,1,4.33,7,5.67,2.33,5,5.75,3.83,0,0,0
14,3,4,3.4,5,2,7,7,2,16,2,3,5,7,7,2.33,4,7,4.5,0,0,0
15,3.5,999,1,6.67,5.67,7,7,5,17,2,4,6,7,6.67,1,5,7,1.5,0,0,0
14,3.5,999,1,6.33,5,5.5,6.5,2,12,1,2,7,5.67,7,1.5,2.67,6,1.83,0,0,0
15,3,999,1.8,3.67,4.67,6.17,4.75,5,13,0,1,5.67,4.67,6,5.33,3,2.75,4,0,0,0
14,3,4,1,6,5,4,7,5,16,0,999,7,7,5,1,5,5.5,1,0,1,0
16,2.5,7,4.25,5,4.33,6,7,5,0,2,3,7,7,7,1,5,7,5.5,0,0,0
14,4,999,1.4,6,6,5,5.25,1,7,2,4,1,4,4,2,1.33,5,1.17,0,0,0
15,4,7,1.8,1,4.67,5.5,6.75,2,16,2,4,5.67,7,6.33,1,999,6,2.33,0,0,0
17,3,7,3.4,3,4,5.33,7,2,2,2,3,5.33,7,6,1,5,6,3.5,0,0,0
14,4,6,4,4.67,3.33,4.5,6,2,11,1,4,5.33,6,4.33,1.67,3.33,6,5.5,0,0,0
14,3.5,999,1,7,5,6.17,7,2,16,1,4,6.67,7,5.67,1,4,7,2.17,0,0,0
14,3,7,1,7,7,7,7,2,13,1,3,7,7,5,1,2.33,7,1.5,0,0,0
15,3,6,1,7,7,5.33,6.5,5,16,2,3,4.33,6.67,4,1,4,7,1,0,0,0
14,4,6,1,7,7,7,7,2,16,1,3,7,7,7,1,3.67,7,1.17,0,0,0
16,2,7,1,7,4,3,7,3,15,1,999,2.33,6,1.67,3,2.33,7,2.83,0,1,0
15,3,5,1,3,4,7,5.5,5,7,1,1,4.67,4,7,1,5,4,4,0,0,0
17,3.5,7,1,4,5,5.17,6.5,2,15,1,4,7,7,6.67,1.33,3.67,7,3.83,0,0,0
15,3,999,1,7,7,4,5.25,2,9,1,2,4,6,5,2,3,6.75,1,0,0,0
15,2,7,4,4.33,4.33,6.33,6,2,10,2,4,6.67,5.67,7,1,3,5,3.33,0,0,0
14,4,7,1.4,7,6.33,5.83,6.5,5,14,0,2,2.33,6.67,4.33,1.33,4.67,7,2.33,0,0,0
17,3.5,7,1,6.33,7,7,7,4,16,1,3,7,7,7,1,5,7,2.33,0,0,0
17,3,999,1,7,5,6.67,7,4,13,0,1,7,7,7,1,4,7,1.67,0,0,0
17,3,999,1,3.67,7,6.67,6.25,2,15,1,3,1,7,1,2,3.67,7,2.17,0,0,0
16,2,999,3.4,5,5,4.67,6,3,4,0,2,6,6,6,3.33,3.33,6,4.67,0,0,0
14,3.5,3,2.2,5.5,2,6.5,999,4,15,2,1,7,999,7,1,999,4,1.33,0,0,0
14,4,7,1,7,6,7,7,4,14,1,4,5,7,6,1,4,6.5,2.5,0,0,0
17,3.5,7,1,6.33,7,6.67,7,2,13,0,2,5.67,7,5.67,1.67,5,7,4,0,0,0
17,3.5,6,1,7,5.33,6.67,6.5,2,11,0,3,6,7,7,2,3.67,7,1.83,0,0,0
18,3.5,7,1,5.33,5.33,6.83,6.25,2,15,0,1,6.33,6.33,6.33,2.67,3.33,6.75,3.17,0,0,0
16,3,999,1.4,7,5,7,6.25,4,14,1,3,7,7,7,2.67,5,6.75,1,0,0,0
15,3,7,1.6,6,7,7,7,3,16,1,3,5.67,6,6,1,3.67,7,1.83,0,0,0
15,2.5,7,1,6,3.33,5.83,5.75,3,15,1,2,5.33,6,5,1,3,7,2.33,0,0,0
17,2.5,999,1,5.33,5.67,6.5,7,3,10,0,3,4,5.67,4.67,7,4.33,7,1.17,0,0,0
17,4,7,1,5.33,5,7,7,4,9,0,2,5.33,7,6.33,1,4.33,7,1.83,0,0,0
16,3.5,7,1,5,4,5.83,7,4,14,0,2,3.33,5.67,5,1,3.33,7,1,0,0,0
14,3,999,1,7,2.33,5.17,6,4,13,1,0,4.67,5.33,6,1,3,7,1,0,0,0
16,3,7,4,4.67,3.67,5.33,5.25,2,8,1,3,4.67,4.67,4.67,3.33,3.33,5,3.83,0,0,0
14,3,7,1,5.33,5.33,7,7,4,12,0,2,4.67,7,5.67,1,4.33,7,1,0,0,0
18,2.5,999,1,4.67,6.33,6,6,2,0,0,1,3.67,5.67,4.33,2.67,4,7,2.67,0,0,0
17,4,7,1,6,5.33,4.83,6.75,5,11,0,2,4.67,6.33,6.33,1.67,3.67,6,2.67,0,0,0
17,4,999,1.2,3,3.67,5.83,6,2,12,0,2,3,5.67,4.67,2.33,4,6.25,1,0,0,0
15,2.5,7,1.2,3.33,4,5.33,6,3,14,1,3,4.33,5.33,5.33,1.67,4,5.25,2.17,0,0,0
16,3,999,1,5,5,7,7,5,16,1,2,3,6,3,3,4.67,7,2,0,0,0
16,2.5,999,1.2,2.33,1.67,5,6.25,2,11,999,2,2.33,5.33,3,4,3,5.5,2,0,0,1
15,3,4,2.2,4.67,4.33,6,6,5,11,1,1,4.67,5.33,4,1.33,4,6,2.83,0,0,0
16,3.5,7,1,5.67,4.67,4,7,3,11,0,999,2.33,4.67,3.67,3,3.67,7,1.5,0,1,0
16,2.5,7,1,3.67,4.33,6.5,6,2,8,0,4,3.33,4.67,3.67,1.33,3.33,6,1.17,0,0,0
15,3.5,7,1,5.67,5.67,7,7,3,12,1,3,3,5,3.67,1,3,7,3.17,0,0,0
15,4,7,1,7,6.67,7,7,2,14,1,2,3.33,6.33,5.67,1,4.33,7,1.5,0,0,0
17,4,7,1,5,5,6,7,3,0,1,0,6,4.67,6,1.67,4,5.5,2.33,0,0,0
17,3,7,1.4,5,6.67,6.33,7,2,0,0,2,1.33,5.33,2.67,1,3.33,6,2.33,0,0,0
16,2.5,999,1.4,6.33,4.33,7,7,2,15,1,3,5.33,7,7,1,5,7,2.33,0,0,0
16,2.5,999,1,5.67,4.67,6.83,6.5,3,12,1,2,5.67,6.67,5.33,1.67,4,6,1.83,0,0,0
18,3,999,1,5.33,6.67,5.67,5.5,4,16,0,3,2.67,6.33,3.33,1.33,4,7,3.67,0,0,0
17,2,999,2,5,999,5.67,6,2,15,999,0,4.67,4,5.67,1,3.33,4.75,4,0,0,1
16,3.5,5,3.2,3.67,6.33,6.5,6.75,2,12,1,3,4.33,6,5.67,1.67,4.33,6.5,5.17,0,0,0
18,4,7,1.4,6,6,5.67,5.5,3,15,1,2,4.67,5.33,5,1.67,4.33,6,2,0,0,0
15,3,999,6,5.33,4,6,6.5,3,3,1,1,4,4,4,2,2.33,6,1.33,0,0,0
17,3.5,999,1,5,5.67,6.5,6.25,4,0,1,3,4,6.67,5.33,1,4,4.5,3.33,0,0,0
14,4,7,1,6,4,4,6.75,1,16,0,0,4,6,4,3,4.67,4.25,4,0,0,0
15,3,999,1,5,5,6.5,4,5,2,0,0,5,4,4,1,5,4,4,0,0,0
14,4,999,1,6,4,4,6.5,3,0,0,0,4,4,4,4,3,4.5,4,0,0,0
14,999,1,1,2.67,4,5.83,6,4,12,1,2,2,4.67,4.67,2.67,3.67,6,3.33,0,0,0
14,3.5,7,3.6,4,4,6.5,4,3,6,0,999,4,5,4.33,1.67,3.67,5.5,4,0,1,0
14,3,7,1.2,5.33,4,7,3.75,5,16,0,1,3,7,3,1,3.67,2.75,3,0,0,0
14,3,7,1.2,5.67,4.33,6.17,6.5,2,13,2,3,2.33,5.33,5.33,2.33,4.33,6.75,2.17,0,0,0
15,4,7,1,3,6,7,7,5,2,0,2,7,1,7,3,1,1,1,0,0,0
14,4,999,1,4,4,4,6.5,3,15,0,0,4,4,4,4,3.67,4,3.67,0,0,0
14,2.5,3,4,5.67,4,4,6.25,999,16,0,1,4,2,4,4,5,5.5,2.33,0,0,0
15,3.5,7,1,7,7,6,7,2,9,0,1,4.33,7,5,1,4.67,7,1.5,0,0,0
16,3,999,1.2,7,2.33,6,7,4,10,999,999,3,5,5,1,5,7,3.33,0,1,1
14,4,7,1,7,6.33,5.83,6.5,3,9,1,1,5.33,6.67,4.33,1.67,4.33,7,1.5,0,0,0
14,4,999,1,7,6.33,6,7,3,16,0,2,4.67,5.67,4.67,2,4.33,7,1.17,0,0,0
15,3,999,1.8,5,4.67,5,5,4,15,0,3,5,5,5,2.33,3.33,5,3,0,0,0
14,3,999,2,5.67,6.67,5.67,6.5,5,13,2,3,3.67,4.67,4.33,1,4,5.75,3,0,0,0
14,4,7,1.2,4.67,5.67,5,6,2,12,0,1,5.33,7,5,3,4.67,7,4,0,0,0
14,4,7,1.2,3.67,3.67,7,5,5,16,1,0,4,4.67,5,3,2.33,4.75,5.17,0,0,0
16,4,7,1,4.33,4,3.67,6.5,3,15,1,1,4.33,6.33,5,1,3.33,7,4.17,0,0,0
16,4,7,3,5.67,5.67,6.67,5.25,3,15,0,3,4.33,3.33,5.67,3,4.67,6.25,5.83,0,0,0
16,4,7,1,7,3,7,7,5,15,1,2,7,7,7,1,5,7,2,0,0,0
15,3,7,1,5.67,4,6.67,6.25,2,12,1,2,5,6,5.67,1.67,3.33,6.5,3.67,0,0,0
14,4,7,1,6.67,5.33,6.83,7,4,11,2,1,1.33,4.67,3,1.67,5,7,1,0,0,0
15,4,7,1,7,6.67,7,7,2,15,1,4,7,7,7,2.67,4.33,7,1,0,0,0
17,4,7,1,3.33,4.33,5.67,6,4,3,0,1,4.33,5.33,4,4,3.33,6.5,3.83,0,0,0
15,3,999,3.4,4,4,6.33,4.25,4,7,1,1,7,4,6,4,5,7,1,0,0,0
17,3.5,4,1,5,4,7,6,1,15,1,0,5,4.67,5,1,5,4,3.83,0,0,0
14,999,999,1.6,6.33,5.67,6.83,7,2,11,0,1,4.33,5.33,5.33,2.33,5,5.25,2.8,0,0,0
999,999,999,2,7,5.67,4.67,4.5,999,11,999,3,3.33,5.33,3.33,2,3.67,4.5,1.83,0,0,1
15,3,7,1,6,5,7,6.5,4,7,1,2,7,6.67,7,2,4,7,1.5,0,0,0
999,999,999,3.8,5,4.33,6.33,7,999,14,2,3,2.67,4,5,3.67,4,6,1.67,0,0,0
15,3,999,1,6,5,7,6.75,4,10,999,1,5.67,6.67,6.67,1,4,6.5,1,0,0,1
15,3.5,999,4,4,4,4.5,7,2,0,0,1,4,7,4,4,3,3.5,4,0,0,0
15,2.5,3,1,5,4.67,7,6,4,14,1,3,5,6.67,6.33,1.33,3,5.75,3.83,0,0,0
16,3.5,999,1,3.67,5.67,5.17,5.25,4,15,0,3,7,5,5,2,4,5.25,2,0,0,0
16,2.5,999,1,6.67,5.67,5.83,6.75,2,11,1,0,4.67,6.33,6,1,5,6,1.67,0,0,0
17,4,3,1,5.33,3.67,4.83,7,2,15,2,3,5,4.67,5,1,3.33,6.5,2.33,0,0,0
16,3,3,1,5,7,6.67,7,1,3,2,3,7,7,7,3,5,2.5,1.67,0,0,0
17,2.5,4,1,7,6,7,7,2,15,0,4,4,7,6,1.33,5,7,1.83,0,0,0
16,3,4,1,2,2.67,5.67,5.5,3,13,2,4,6,7,6.67,1,3,5.5,1.67,0,0,0
16,3,3,1,6.67,6.33,5.5,6.25,2,13,1,4,4.33,7,5.67,1.67,3.67,5.5,3,0,0,0
16,3,4,1,5,6,5.67,5.25,2,15,2,3,5.67,5.67,6,1,4.67,6.25,1.83,0,0,0
17,3,999,1,7,6.67,6.33,6.75,2,13,1,4,1,5.67,3.67,1,3.67,7,3.33,0,0,0
15,2.5,999,999,4.5,999,6,6.25,4,14,999,999,7,6,6,999,3.33,5.5,3.33,1,1,1
17,2.5,5,1,5.67,2.67,6.33,6.25,3,8,1,0,3.33,5.67,5.33,3,4,6.5,2,0,0,0
15,3,999,2.4,5.33,4,5.83,5,5,11,0,4,4.67,5,5,3.33,4,4.75,2.5,0,0,0
15,3,5,1,6,5.33,4.83,6.25,2,10,1,1,4.33,7,6,2,3.67,7,2.67,0,0,0
16,2.5,5,1,7,6,6.5,7,4,15,1,2,5.5,6,5,1,5,7,6,0,0,0
17,2.5,7,4.2,4.33,3.67,4.83,6,1,10,1,3,4.67,4.33,6,2.67,3,5.75,4.5,0,0,0
18,3.5,999,2.2,7,3.33,5,7,4,12,999,1,1,5.33,1,4,3.33,7,3.5,0,0,1
15,2.5,4,1.2,4,6,7,7,1,16,2,4,7,7,7,1,3.33,7,1.83,0,0,0
15,2.5,999,1,7,999,6.33,6.5,1,8,999,3,7,6.67,7,1,4.33,5.75,1.67,0,0,1
18,3.5,999,4,3.67,3.67,5.67,5.75,5,12,0,1,1,6,2.33,1,3.33,5,3.17,0,0,0
14,3,5,1,7,5.67,7,7,1,16,1,2,7,7,7,1,5,7,2,0,0,0
16,4,7,1,7,5,7,7,2,13,1,2,7,7,7,1,5,7,2,0,0,0
15,2.5,999,1,6,4,4,7,2,10,2,2,4,7,4,1,4.33,5.5,4.5,0,0,0
17,3,999,1,7,6.67,6.33,6.75,3,16,1,3,6,6.33,6.33,1,4.33,7,1,0,0,0
18,2.5,2,1,7,999,999,999,3,16,999,999,999,999,999,1,999,999,999,0,1,1
999,999,999,4.6,3,1.33,7,7,999,11,1,1,6,7,6,4,5,4.25,4.83,0,0,0
999,999,999,4,4,4,4,4.25,999,0,0,0,4,4,4,4,3,3.5,3.33,0,0,0
15,3,999,1.8,5,5.67,7,7,5,16,0,4,6,7,6.67,1,4.67,6,3.67,0,0,0
17,2.5,999,1,5,4,1.83,999,1,16,0,2,1,2.67,2.33,7,5,3.5,4.17,0,0,0
15,3,999,1,6.33,6,4.67,6,1,14,1,2,4.33,5,4.33,3,3.33,6,1.67,0,0,0
15,3.5,999,1.8,5,6.33,5.17,6.5,2,10,2,0,4,5.67,5.33,4,5,5.5,4.5,0,0,0
15,3.5,999,999,999,999,999,999,3,16,999,999,999,999,999,999,999,999,999,1,1,1
14,3,4,4,4,4,4,7,999,1,0,0,4,4,4,4,5,4,4,0,0,0
14,3.5,999,999,7,4,4,7,5,9,0,0,4,4,4,999,5,4,4,1,0,0
14,2,2,1.4,4,4.33,5.5,4.75,1,11,0,3,6,4.33,5.33,2,4,5.75,4.33,0,0,0
14,3.5,999,1,7,3,5.17,7,999,9,0,3,5,6.33,3.67,1,5,7,2.5,0,0,0
14,2.5,999,999,999,999,999,999,999,16,999,999,999,999,999,999,999,999,999,1,1,1
15,3.5,999,1,3,5,7,6.25,999,10,1,4,3,7,6,3,5,6.25,1.83,0,0,0
14,3,999,2.8,4,3,4,7,999,0,0,999,4,4,4,4,3.67,4,4,0,1,0
999,999,999,999,4,5,7,7,999,16,1,2,5,7,7,6.33,5,7,2.67,1,0,0
15,3.5,999,1,7,7,4.33,5.75,2,8,0,3,5.67,7,6,1,4,7,1.67,0,0,0
999,999,999,999,999,999,999,999,999,16,999,999,999,999,999,999,999,999,999,1,1,1
999,999,999,4.2,3,6,6.83,4,999,15,1,1,5.67,6,7,1.33,3.67,3.67,3.83,0,0,0
999,999,999,4,4,4,4,6.75,999,0,0,0,4,4,4,4,4,6.25,4,0,0,0
999,999,999,1,5,3,5.83,6.75,999,16,0,1,6,6.67,4,4,5,5.5,4,0,0,0
16,3.5,999,1,6.67,6,4.83,7,999,6,0,4,3,6,6,1.33,3.67,6,2.67,0,0,0
16,1.5,3,1,6.67,7,3.83,7,999,11,1,0,3,4,5,1,3.33,6,4.33,0,0,0
16,2,999,1,4,4,6.67,4,2,11,0,1,4.67,4,6,1,5,4.25,4,0,0,0
17,2.5,6,1,2.33,4.67,5.5,5.75,2,12,0,2,4.33,6,5.67,4.33,3.33,5.75,5.33,0,0,0
17,3,999,1,3.33,2,6.67,6.75,5,14,1,3,3,5.67,6,3.33,4.67,6,3.67,0,0,0
19,3,3,1,5,6.33,7,6.75,999,12,1,2,4.33,7,6.67,1,5,7,1.83,0,0,0
16,3,5,1,7,7,4.5,7,2,9,0,4,1,6,6,2.33,3.67,7,2.33,0,0,0
14,2.5,999,4,3.33,3,6.83,7,3,7,0,1,5,5.67,5,1,4,6.75,4.67,0,0,0
15,2,999,1,4,4.67,5.33,6.75,999,2,0,1,4,5.33,6,2,3.33,4.75,4.17,0,0,0
15,2,999,4,4,4,4,4,5,0,0,0,4,4,4,2,5,4,4,0,0,0
17,2.5,3,999,999,999,999,999,2,16,999,999,999,999,999,999,999,999,999,1,1,1
17,3,999,3.25,3,4,4,4,999,16,0,1,4,4,4,4,999,4,4,0,0,0
16,3,999,1.4,5,5.67,5.33,4.75,2,9,2,2,4,5.33,5,1.67,4.67,4,4.33,0,0,0
15,3.5,3,1,4.67,6,7,7,999,13,0,1,7,7,6,1,4.33,7,4,0,0,0
17,3,5,1,6,7,6.17,7,2,11,1,3,1.33,6,7,1,5,6.25,1.33,0,0,0
15,3.5,7,1,5.33,6.67,6.83,7,5,16,1,1,1,5.33,3,4.33,5,7,4.33,0,0,0
17,2.5,5,4.2,4.33,4.67,5.67,6,2,10,0,2,1,6.67,5.33,4,3.67,5.75,3.67,0,0,0
16,3.5,999,4,4,4,4,4,5,9,0,0,4,4,4,4,1,4,4,0,0,0
16,3,6,2.8,3.33,3.33,5.83,6.5,4,12,0,3,5,6.67,6,4,4,6.25,3.17,0,0,0
16,4,6,1,4,5.67,7,6.5,3,12,1,4,1,5,5.67,6,4,6.5,1.33,0,0,0
16,3.5,999,1,7,4.33,5.17,5.75,1,5,2,2,6.67,6,6,1.67,3.33,5.75,3.83,0,0,0
17,3.5,5,4.4,3.33,3.33,5.33,6,2,10,1,1,3.33,5.33,5,1,4,5.5,4.83,0,0,0
17,3,5,4,5,4,6.5,6.25,5,12,0,2,5.33,7,7,1.67,4,6,4,0,0,0
14,4,999,1,4.67,4.67,6.17,6.25,4,5,0,0,4.67,5,4.33,4.33,5,6.25,3,0,0,0
16,2,999,1,5.67,5.67,6,6.25,2,15,1,3,5.67,7,5.67,1,4,5.25,4.67,0,0,0
16,3,4,1,7,6,7,6,2,14,1,3,6.67,6.33,7,1.33,4,6.5,1,0,0,0
15,2.5,3,1,7,7,5.33,6.25,4,13,0,3,4.33,6.67,4.67,1.33,3,6,1.5,0,0,0
16,3.5,999,1,2.67,7,6.5,6.75,1,11,0,3,2.33,5.67,5,1,4,6.75,3,0,0,0
16,2,5,1.8,6,5,6.67,7,5,12,0,1,6,4.33,7,1,4.33,7,2,0,0,0
17,3.5,7,1.6,4.67,5.67,6.67,6.5,4,12,1,1,3,6.67,5.33,2.33,3.67,6.75,2,0,0,0
999,999,999,1,6.67,5.67,6.83,5.75,999,13,0,4,4.67,6,5.33,1,4.33,5.75,1.67,0,0,0
17,3.5,7,1,7,7,7,5.75,3,16,1,3,5.33,6.67,5.67,3,5,7,1,0,0,0
17,3.5,6,1,5,3,7,7,3,7,0,1,4,7,4,2,5,7,4,0,0,0
17,3.5,7,1,4.33,3,6.5,7,2,16,0,3,2,7,6.33,1.33,4.67,7,4.17,0,0,0
17,3,7,1,3,7,7,7,5,0,1,0,4,7,6,1,5,7,1,0,0,0
17,4,7,1,5,5.67,7,7,2,9,0,2,3.33,6.33,5.67,2.33,5,7,1,0,0,0
16,3,7,3.6,4.67,3,6.67,6.75,3,11,1,3,2.33,6.33,6.33,3.33,4,6.75,2.83,0,0,0
18,3,7,4.8,4,4.33,3.33,5.75,4,11,0,2,4,5,4.33,1,1.67,5.75,3,0,0,0
16,2.5,4,3,6,5.67,6.5,5.5,1,14,1,1,4,7,7,2,4.67,6.75,1.67,0,0,0
17,3.5,7,1,5,3,6,6.75,1,2,1,3,4,7,7,1,4.33,7,4.17,0,0,0
15,4,5,1,7,6.33,7,5.75,2,17,0,3,5,7,7,1,3,7,1.33,0,0,0
15,3.5,999,1,7,3,5,5,4,12,0,3,4,6,6,1,4.67,6.5,1.17,0,0,0
15,2.5,7,1,7,3,7,6.75,4,10,1,3,7,7,7,1,5,7,3,0,0,0
15,3.5,4,1,7,6.67,6.83,6.5,4,9,0,3,6,6.33,6.67,3,5,5.5,1.17,0,0,0
15,3.5,7,1,3,7,5.5,5.75,2,11,1,3,2,6,4.67,2,2.67,6.5,1.67,0,0,0
15,3.5,999,2.2,3.33,3.33,5.17,6,2,7,1,3,2.67,4,6,2,3.33,4.25,4.83,0,0,0
15,4,5,1,7,7,6.17,6.75,3,7,1,3,5.33,6.67,6,1,3,7,1,0,0,0
16,3,999,1,7,5.67,6.67,7,1,14,0,2,6.33,7,6,1,4.33,6.75,2,0,0,0
15,4,2,1,5.33,5.67,6.83,6.25,3,11,0,0,3.67,7,4.67,6,4.67,6.5,1,0,0,0
15,4,7,1,7,4,5.83,5.75,3,1,1,2,4,5,4,1,2.33,4,3.83,0,0,0
15,3,999,4.2,4.67,999,5,6,5,8,999,3,5,5.67,5,6.67,4,5.25,2.17,0,0,1
16,2,999,5.4,4,4,5,6.75,2,5,0,999,5,5.33,5.67,2,4,6,4.17,0,1,0
16,3,999,1,7,6,7,6.5,2,13,2,4,1,5.33,3.67,2.33,4.67,7,3,0,0,0
16,3.5,7,1,4,4,6,6.75,4,13,0,1,5.33,7,5,1,3.33,7,3.5,0,0,0
15,3.5,999,1,7,5,6.83,6.25,3,14,0,1,7,7,7,1,4,6,1,0,0,0
16,4,6,2.6,6,4.67,5.67,7,2,5,0,0,5,4,6,1.33,4,7,3,0,0,0
16,3,4,1,6,6,5.33,6,3,9,1,2,3.67,5.67,4.33,1,3.33,6,4.5,0,0,0
17,3.5,7,1,3.67,7,7,6.5,5,16,1,3,7,7,7,1,3.67,7,1.5,0,0,0
16,3,7,1,6.33,5.67,3.33,5.25,3,7,1,4,2.33,4,3,2.67,3,5.5,2,0,0,0
16,3,6,1,7,4,7,7,5,11,0,2,1,5.33,7,1,5,6.5,2.67,0,0,0
15,3.5,999,1,5,5,5,4.25,3,8,0,0,4,4,5.33,1,4,7,1,0,0,0
15,3,7,1,5.33,4,4.5,6,4,6,0,3,6,6,7,1,5,5.75,6,0,0,0
16,2.5,6,5,4.33,4,4.17,5.75,3,6,0,0,1.67,5,4.33,1.67,3.33,6,5.5,0,0,0
16,2.5,6,1.6,5,4,4,4,2,0,1,0,4,4,4,4,3,4,4,0,0,0
17,2,999,1,7,7,7,6.75,5,7,999,999,1,7,4,2,5,7,2.17,0,1,1
17,3,2,4.8,4,3.33,5.67,5.75,3,16,2,3,5.67,5,6.5,1,2.33,7,4.33,0,0,0
17,2.5,999,6.6,4.33,3.67,6,6.5,2,16,2,4,4,6,5,2,3.33,5.5,3.83,0,0,0
17,3,6,4,4.5,5.67,2.17,6.25,2,10,0,999,3.67,4,4.33,2,1.67,6,2.83,0,1,0
17,3.5,999,1,5,5.67,5.17,6.25,5,7,1,3,3.67,5,4.67,1.33,4.33,7,3.5,0,0,0
17,4,5,4.8,5.33,4.33,7,6.75,2,12,0,3,5,5.67,5.33,1.33,4,7,4.5,0,0,0
15,3,7,1,6.67,3,5.67,7,3,11,0,0,4.67,6,5,5,5,7,1,0,0,0
15,4,6,1.6,6.67,7,5.17,6,2,12,0,1,6,4.67,5,3.33,2.67,5.75,1,0,0,0
15,3,4,1,5,5,7,7,3,16,0,1,1,7,1,3,3.67,7,1.5,0,0,0
15,2.5,3,1,7,2.5,6.5,4,2,1,0,1,4.67,4,4,2,3,4,4,0,0,0
15,3.5,5,1.2,3.67,3.67,5.17,5.5,3,11,1,2,5.67,4.33,4.67,1,4,6,4.33,0,0,0
15,4,2,1.2,5,6,4,5.5,2,11,2,1,4,6,5,3.67,3.33,6.5,3.5,0,0,0
16,2.5,1,4,4,4,4,4,3,0,0,0,4,4,4,4,3.67,4,4,0,0,0
18,3,2,2.6,6,5.33,5.17,7,1,8,0,4,5,6,4,2,2.67,6.75,1.17,0,0,0
16,4,4,2,2,4.67,5.5,6,4,9,999,999,2,3.67,3,4.33,4,6,3.17,0,1,1
16,3.5,7,1,7,6.33,6.67,6.5,3,13,2,3,4.67,4.33,6.67,2,5,7,1.67,0,0,0
16,4,4,1,6,3,6.67,6.25,4,11,0,2,3.67,7,4.33,2,3.33,6.25,1,0,0,0
16,2.5,999,2.2,4.33,4,5,4,3,4,0,0,4.67,4,5.67,5,1,4,4.33,0,0,0
17,2.5,4,1,3.67,3,6.33,7,2,15,1,3,2,5.33,2.67,4,3.67,6,4.83,0,0,0
17,3,999,1.6,4,3,4.83,5.75,2,11,0,3,4.33,5,4.67,4,4,6,2.33,0,0,0
16,4,5,4.4,5.67,5.33,5.5,5.5,4,15,1,3,6,5,6.33,1,4,4.5,3.17,0,0,0
17,3,3,1,4.67,4,3.67,4.75,1,16,0,2,1,4.67,1,2.67,2.33,5.25,4,0,0,0
16,2.5,999,4,4,4,4,4,2,0,0,999,4,4,4,4,2.33,4,4,0,1,0
15,2.5,5,3.8,4,4,4,4,2,5,0,0,4,4,4,1.33,3,3.75,4,0,0,0
17,3,999,3,5.33,3,5.83,6.5,2,11,1,3,6.67,6.33,6.33,1.33,3,6.25,1.83,0,0,0
16,3.5,5,3.4,3,3.67,4,5.75,2,9,1,0,4.33,4,4.67,4,2.33,4,3.83,0,0,0
15,2.5,6,1,5.33,3.33,4.67,6,1,7,1,2,3.67,5.67,4,4,2,4.5,4.83,0,0,0
18,2.5,999,5,4,1.67,6,6,3,16,1,2,7,5.33,6.67,1.33,4.33,6.25,5.83,0,0,0
15,1,7,1,3,4,4,6.25,4,3,999,999,4,4,4,2,5,4,4,0,1,1
999,999,999,4,4,4,5,6.5,999,8,0,0,4,5,4,4,3.33,6,4.17,0,0,0
15,3.5,5,1.8,3,5.33,6,6.25,2,15,0,2,5.33,5.67,6,2,3.33,6.25,4,0,0,0
16,3.5,999,1,4.33,5.33,6.5,6,5,10,1,3,4.67,5.33,6,2,5,6,5.17,0,0,0
16,4,7,1,6.33,5.33,5.17,6,3,12,1,0,3.67,5,5.33,1,3.67,5.5,2.5,0,0,0
17,3,999,4,5.33,4,4.33,5,999,0,0,2,4,4.67,4,4,2.67,5,5,0,0,0
15,3.5,7,1,4,3.33,2,3,3,15,0,0,5,4,4.67,1,4.67,4,4,0,0,0
15,3.5,2,1,6,5.67,6,6.5,3,10,0,3,3,5.67,2.33,1,3.33,6.75,1.17,0,0,0
17,3.5,6,4.8,4.33,3.67,5.83,6,4,9,0,4,4,5.33,6.33,1.67,4.33,4.75,4,0,0,0
16,1,6,5.8,4,1,6,7,2,0,0,2,7,6,7,1,3.33,6.25,6.17,0,0,0
17,2.5,999,4.2,4.33,4,5.67,5.67,999,12,0,1,5.67,999,5,3.67,3.33,2.75,1,0,0,0
17,3,7,1,4,3,6,6.25,3,6,1,3,5,5,4.33,1,4,2.5,2,0,0,0
15,3,6,1,5.33,4.33,5,5,2,4,1,1,4.33,6,5,1,1.33,5.25,1.67,0,0,0
15,2.5,999,1,4.67,6.67,5.5,5.75,4,7,0,0,5,4,5,1.33,4,6,2.83,0,0,0
16,2,4,2.8,5,5,5.67,4.25,1,9,0,0,4,5,4,1.67,2.67,4.5,3.83,0,0,0
17,3.5,6,5,4,4.33,5.67,5,5,4,0,0,5.33,4,6.33,4,4.33,5.25,1.33,0,0,0
15,4,999,2.6,6,5.33,6.83,6.25,2,9,1,2,4,5.67,4.33,2.67,3.33,5.75,3,0,0,0
17,3,2,1.6,4.33,4,4.33,4.5,3,0,0,0,4,4,4,4,3.33,4.75,4.17,0,0,0
15,3.5,6,1,7,4.67,5.83,6.5,4,14,0,3,4,4.67,4.67,3,4,6.75,1.5,0,0,0
16,2,999,1,4.67,4,6.17,7,4,6,1,0,1,4,6,3.67,3,4,3.33,0,0,0
17,3,7,1,7,6.67,7,7,5,16,0,3,7,7,7,1,5,7,1,0,0,0
15,3,3,1,5,6,5,5.5,2,12,0,2,5,5.33,5.33,1.67,3,5.75,2.5,0,0,0
15,2.5,4,4,4,4,4,4,1,0,0,0,4,4,4,4,1,4,4,0,0,0
15,3,4,1,6,5,5.5,4.5,3,6,2,3,5,4.67,4.67,2,3.33,6.5,2.5,0,0,0
15,1.5,5,3,6,5,5.33,6,2,11,1,2,3,5,4,3,2.67,3.25,3.67,0,0,0
15,2.5,999,1,5,7,4,4,999,0,0,0,7,4,7,4,3.33,4,4,0,0,0
15,3.5,7,1,5,6.33,6.33,5,2,5,1,3,1.67,7,4.33,1,2,2,2,0,0,0
16,2,7,1,7,5.67,6.33,6.5,2,14,1,3,7,6,7,1,3,4.75,4.33,0,0,0
17,2.5,999,1,4.33,7,6.67,6,4,16,1,2,7,5,7,1,3.67,7,2,0,0,0
16,3.5,2,1,7,5,6.5,6.75,3,12,0,3,4.33,6,5,1.67,4,7,4,0,0,0
15,3.5,5,3.6,1,3.33,5.5,6,2,10,2,2,5,6.33,5,1.33,3,4.75,1.67,0,0,0
16,3.5,2,1.6,7,5.67,6.5,7,5,16,0,2,4.33,3,5,1,3.33,7,2.17,0,0,0
17,3.5,999,3.4,5,5.67,6,6,3,1,999,1,6,5.67,6,2.67,5,6,5.5,0,0,1
16,2,4,1,6.67,3,3.67,1.25,2,13,1,3,5.33,7,2,3.33,5,5.75,3,0,0,0
17,2.5,999,1,6,5.67,6.5,7,2,13,0,2,5.67,7,7,1,4.33,7,1,0,0,0
15,2,999,2.8,5,4,4,4,3,0,0,999,4,4,4,4,3,4,4,0,1,0
17,3,4,1,7,6.33,7,6.75,2,16,0,0,5,4,7,1,4,7,5.5,0,0,0
16,2,1,1,7,4,6.17,7,3,13,1,3,1,5.33,3,1,4,7,2.67,0,0,0
16,3,5,1,5.33,6,5.67,6,2,0,0,0,4,5.33,4,2,4,6,3.67,0,0,0
15,3,4,1,7,5,5,7,3,15,1,0,1,7,2.67,1,3.67,6.5,3,0,0,0
14,4,999,1,7,7,7,7,5,15,1,999,7,6,5,1,5,7,1.17,0,1,0
15,3,999,1,5,4,6,4,5,3,0,999,4,4,4.67,2,4,4,4,0,1,0
15,4,6,1.4,4.33,4,2.5,5.75,3,0,0,0,1,4,1.67,1.67,1,1,3.5,0,0,0
18,3,2,3.4,5,1,6.33,7,2,3,0,1,1,5,1,1.33,4,7,6.17,0,0,0
17,3.5,4,1,7,6,4,5.5,3,7,1,1,4,6,6,1,4.67,5,1.5,0,0,0
17,3,999,1,5,6.67,5.5,7,2,16,0,1,1,5.67,2.67,2,4,7,2.67,0,0,0
17,3,6,1,5,7,6,7,2,0,0,1,4,4,5,3,5,6.25,1,0,0,0
17,3.5,999,3,6.33,3.67,7,6.25,1,8,0,1,7,3,7,2.67,3.33,5,4,0,0,0
15,3.5,4,2,4.33,5,5.5,5.75,2,12,1,3,3,4.33,5,2.67,2.67,6.5,2.5,0,0,0
16,2.5,4,2.2,6.33,4.33,6.17,6.5,4,0,0,1,4,5.33,5.33,3.33,4.67,4.5,4,0,0,0
17,4,5,1,5,7,6,7,5,15,0,1,5,6.33,6,1,5,7,1,0,0,0
15,2.5,999,3.6,4,3.33,4.33,2.75,3,8,999,2,3.67,3.67,3.67,4,2.33,4,3,0,0,1
16,2.5,6,1,7,7,6.33,7,3,15,0,4,6,6,6,1,4.67,7,1,0,0,0
17,2.5,999,1,7,7,6.67,6.25,2,0,1,3,4,6,7,1,4,4.75,5.17,0,0,0
17,3,5,1,4.33,4.33,4.67,5.67,3,10,1,1,1.33,4,3.33,3.67,4,5.25,5.67,0,0,0
16,4,7,1,7,5,7,6,2,5,0,2,3.67,6.33,3.67,3.67,4,6.25,2.33,0,0,0
16,3,6,1,7,7,5.83,7,2,12,0,1,6,4.33,6,1.67,5,7,1,0,0,0
16,3.5,4,1,6,6,7,7,4,4,0,1,1,6.33,6.67,1,4,7,1,0,0,0
16,3.5,999,1,6.33,3.67,7,7,5,12,1,2,1,6,5,1,4.33,7,1.33,0,0,0
16,4,999,7,1,3,4.67,1,5,15,1,2,3.33,1,4.67,7,1,1,7,0,0,0
17,4,4,1,5,7,6.17,6.5,5,11,1,2,2.33,5,6.33,1.33,5,7,1,0,0,0
17,3.5,999,3.2,6,4,6.17,6.5,3,1,0,0,5.33,5.33,5.67,2.67,4.33,5.75,1.5,0,0,0
16,3,999,1,7,7,6.83,6.25,3,14,1,3,6.33,6.67,6.67,1,5,6.75,2.67,0,0,0
15,2.5,999,4,3.33,3,6,6.5,3,1,1,1,4.33,5.67,4.33,4,5,7,3.5,0,0,0
17,4,7,2.8,4,4,5.33,4,2,10,0,1,4.33,4,7,4,3,4,4,0,0,0
17,2.5,5,4,4,4,4,4,1,0,1,0,4,4,4,4,1,4,4,0,0,0
14,3,999,1,6.33,5.33,5,5.5,1,15,1,2,4,5,5,1.33,2.33,6,3,0,0,0
16,2.5,999,1.6,3.67,7,6,7,4,10,0,3,4,7,4,1,4.33,7,2,0,0,0
16,2.5,999,1,2,2,4,7,999,1,0,0,4,4,4,4,3,4,4,0,0,0
16,3,999,1,7,5.67,6.17,7,3,16,0,3,3,7,3.67,1,4.33,7,1,0,0,0
15,4,999,1,6,6,5,6.33,5,8,0,1,4.33,5.33,5,4,3.67,6.75,2.67,0,0,0
18,3,999,1,4.33,6.67,6.33,6.5,4,16,0,1,5,6,6,2.67,5,6.25,3.17,0,0,0
16,4,999,999,7,3.67,4.33,6,3,15,0,3,3.33,2.67,4.67,999,2.67,6,1.17,1,0,0
15,2.5,999,1,6,5.67,6.33,7,5,7,0,1,3,4.67,5.67,1,5,7,3.83,0,0,0
15,2.5,7,4.2,4,4,4,3.5,3,6,0,999,4,4,4,4,4.33,4,4,0,1,0
18,3.5,999,4,3,4,4,5.25,5,10,1,999,4,4.33,4,4,4,5.25,4,0,1,0
15,2.5,6,1,4.67,2.67,5.5,5.5,2,6,999,3,4,6,4,5,3,6.25,4.83,0,0,1
16,3,7,2.8,5,4,5.67,4.25,4,7,0,0,6,4,4.33,4,4.33,4.75,1.67,0,0,0
16,3.5,7,1,7,7,6.5,6,2,15,2,2,7,5,6,2,4.67,6.25,2,0,0,0
15,3.5,6,5.4,3,4,5.17,4.25,3,0,1,1,5.67,3,7,3,3.67,5.5,4.67,0,0,0
17,3,7,1.2,5,7,7,7,2,6,0,1,4.67,7,6.33,3,4,7,2.33,0,0,0
17,2.5,999,999,7,4.33,4.5,7,2,8,0,1,1,6,6,999,5,6.25,4,1,0,0
15,2.5,999,4,4,4,4,4,4,6,0,1,4,4,4,4,1,4,4,0,0,0
15,2.5,999,3,4.67,3.67,3.83,4.25,4,7,0,1,4.67,3.67,5,4,4,4.5,4.67,0,0,0
14,2.5,999,2.2,5,4,4,4.75,3,0,0,0,4,4,4,4,3,4,4,0,0,0
14,3,7,3.4,6,4,4,6.75,5,0,0,0,4,4,4,4,3,4,4,0,0,0
14,999,2,1,7,5.67,7,5.75,3,16,0,3,4,6.33,4,3,4.67,6.5,4.67,0,0,0
14,2.5,6,1,7,6.67,7,7,2,15,2,4,7,7,7,1,999,6,2.5,0,0,0
14,3.5,999,1,5,4,4,7,1,0,0,0,4,4,4,4,4,4,4,0,0,0
15,3.5,999,4,4,4,4,4,2,0,0,0,4,4,4,4,999,999,999,0,0,0
14,3,5,4,4,4,4,4,2,0,0,0,4,4,4,4,5,4,4,0,0,0
14,3.5,5,1,6,4,4,7,3,9,0,0,7,4,5,4,3,3.25,3.67,0,0,0
14,3.5,7,1,6.33,6,7,6.75,5,5,0,1,7,7,2.67,5,5,6.25,2.67,0,0,0
14,3,7,4,6,4,4,7,5,1,0,999,4,4,4,4,5,4,4,0,1,0
15,2,999,4,4,4,4,4,3,0,0,0,4,4,4,4,3,4,4,0,0,0
16,2.5,999,1,7,6.33,5.33,5,3,2,0,1,4.33,4.33,5,2,3.67,6,3.67,0,0,0
15,3,5,1,5.67,6.33,7,7,4,2,1,1,2.67,6,4.33,1,5,7,1.5,0,0,0
16,3,999,1,6,4,7,4.5,5,13,0,3,2.67,6,5.33,5,4.33,7,1.67,0,0,0
14,3.5,5,4,4,4,4,7,5,0,0,0,4,4,4,4,3,4,4,0,0,0
15,2.5,999,1,4,4,4,4,5,10,0,999,4,4,4,4,5,4,4,0,1,0
14,3.5,999,4,3,4,4,1,3,2,0,0,4,4,4,4,2,4,3.5,0,0,0
15,3,7,1,6,4,4,7,1,2,0,1,4,4,4,7,5,4,4,0,0,0
14,3,5,3.4,6,4,4,2.5,2,15,0,1,4,4,4,1.67,4.33,4,3.5,0,0,0
14,4,7,1,5,6,6,7,2,11,0,1,5.33,5.33,4,2,4.33,5.5,4.17,0,0,0
14,999,4,1,5,4,4,4,4,0,1,0,4,4,4,3,3.33,4,4,0,0,0
17,2.5,999,1,5.33,4,6.67,6.75,999,16,0,1,4,4.67,7,3.33,3,5.5,4.17,0,0,0
17,2.5,4,3.4,5,4,4,4,2,9,0,0,4,4,4,4,3,4,4,0,0,0
15,3,999,4,4,4,4,7,2,0,1,0,4,4,4,4,3,4,4,0,0,0
17,3,6,1,5,5,6,5.25,3,5,0,1,3.33,4.33,3,2.67,4,5,3.67,0,0,0
17,2.5,4,1,4.67,4.33,3.33,3.25,2,2,0,0,4.67,4.67,3.33,3,5,4.25,3.67,0,0,0
16,3,7,1.6,7,3.33,5.83,6.5,4,12,1,4,6,6.33,7,1.67,4.67,6.25,3.33,0,0,0
14,3,5,1.8,5,4,4,4,1,10,0,0,4,4,4,4.33,3.67,4,4,0,0,0
17,3,6,1,5,4,4,7,2,7,1,0,4,4,4,1,4.33,4,4,0,0,0
15,3.5,7,1.6,5.67,4,4.83,5.75,2,4,0,1,4,4.67,4,4,3,4.5,2.83,0,0,0
16,3,6,2.2,6,6,5.5,6.75,4,8,1,999,7,7,6.67,4,4.67,5.75,3.83,0,1,0
15,2.5,999,3.6,5.5,5,6.5,6.5,3,0,1,999,6.33,5.67,6.33,2.33,4,6.25,1.33,0,1,0
16,3.5,5,1,7,5.33,5,7,4,16,2,4,3.67,6.67,7,1,3.33,6.25,3.17,0,0,0
17,3,999,1,5,7,7,7,5,13,1,0,6.33,6,6.67,1.67,5,7,2,0,0,0
15,2.5,4,1,5,6,6.33,5.5,4,10,2,4,4.67,5.33,5.67,1.67,4,5.5,2.83,0,0,0
16,3.5,6,1,5.67,5.67,6.5,6.75,3,16,0,3,7,7,7,1,4,6,3.5,0,0,0
16,2,6,1,1,5.33,5.83,999,2,12,1,999,6,999,7,1,3,5.75,2,0,1,0
16,3.5,999,1,7,3,5.83,7,3,8,0,4,7,7,7,1.67,4,5.25,3.17,0,0,0
16,3.5,5,1,7,5.67,6,7,2,13,2,4,1,7,7,1,3.67,7,2,0,0,0
16,2.5,999,1,5,5.33,6.5,7,3,13,0,3,6.33,6.67,7,1,4.33,7,3.5,0,0,0
17,1.5,999,1,5.67,7,7,6.25,3,12,0,2,7,7,7,1,4.67,5.25,2,0,0,0
15,3,5,1,6.67,6.33,5.83,6.25,2,10,0,2,6.67,6.33,6.67,2,3.33,5,2,0,0,0
17,4,3,1,4.33,5,6.33,5.25,4,14,1,4,5.33,5.67,6.67,1.67,4.67,7,2,0,0,0
17,3,4,1,5.33,6,7,6.75,2,14,2,4,5.67,5.33,6.33,3,3.67,7,1,0,0,0
17,1.5,4,6,2.67,3.33,5.17,6.75,2,13,2,4,7,6,7,1.33,3.33,6.75,2.5,0,0,0
16,2.5,7,1,5,4,4,4,2,4,0,1,4,4,4,4,5,4,4,0,0,0
15,3,4,999,7,6.67,5.67,7,2,15,1,2,6,7,6,999,4,6.75,1.5,1,0,0
16,2.5,999,1,6.33,4.67,6.67,5.25,3,14,2,2,7,6,7,1,2.33,5.5,3.5,0,0,0
16,3.5,999,1,5,4,4.33,7,3,12,2,999,4,7,5.33,2,4.33,7,1,0,1,0
17,2.5,999,1,1,3,5.67,999,2,16,2,999,7,999,7,1,999,999,999,0,1,0
17,3.5,3,1.6,4.67,6,5,5.5,3,15,1,4,5.67,6,5,1.67,3.67,6,2.33,0,0,0
16,2.5,3,3.6,5,4,5.67,6.25,4,15,2,2,7,6,6.67,1,5,7,1.5,0,0,0
16,2.5,7,1,7,7,6.83,7,2,16,1,4,6,6,6.33,1,3.33,7,2.83,0,0,0
15,3.5,999,1,5.67,7,5.67,6.75,2,12,1,3,7,7,7,1.67,5,5.5,1.67,0,0,0
15,3.5,2,1,6.33,6,6.83,7,5,12,0,3,6.67,7,7,1,4.33,7,3.67,0,0,0
15,3.5,999,3.6,6.67,6,4,5.5,2,0,2,999,4,7,4,2.67,3.33,6.25,3.83,0,1,0
16,3,5,1.4,5,4,5.5,7,3,14,2,4,5.67,7,6.33,2,3,6.75,3.67,0,0,0
18,2,999,1.2,7,6,6.83,6.75,2,9,2,4,7,5.67,6.33,3,4,6.5,3.17,0,0,0
17,3,7,1,7,5,4,5,999,8,0,3,7,4,2,4,5,6.25,2.67,0,0,0
16,2.5,7,1,6.67,6.67,4.17,5,999,15,2,4,5,7,6,2.67,3.33,6,3,0,0,0
17,3,6,1,6,7,7,7,5,16,2,4,7,6,6,2.33,4.33,6.75,2.67,0,0,0
16,2.5,7,1.6,6,5,7,7,3,15,1,4,7,7,7,1,4,7,2.83,0,0,0
18,2,999,1,7,7,6.83,7,2,13,1,4,7,6.67,7,1,5,7,1.5,0,0,0
16,3.5,6,1,5,5.67,7,6.5,3,16,1,4,7,7,7,1,3.33,6.25,1,0,0,0
17,3,6,1,6,6.67,6.5,7,2,16,1,3,6,5.33,5.67,1,2.67,6.75,4.5,0,0,0
16,2.5,3,1,7,5,7,7,999,15,0,4,7,7,6,1,4,7,2.33,0,0,0
16,2.5,999,1.2,5,7,7,6.5,2,16,2,4,7,5,7,1,4,7,1,0,0,0
17,3.5,5,1,4.33,6.33,6,6,2,13,2,3,7,7,7,1.67,5,5,4,0,0,0
18,3,7,1.4,4.67,4.67,5.83,4.75,1,16,2,4,4,6,6,1,2.33,5.5,3.17,0,0,0
17,2,5,1,4.67,7,7,6,4,16,1,4,7,7,6,4,4,5.5,3.83,0,0,0
16,4,6,1.2,6,4,7,7,2,16,2,3,7,7,7,1,4,7,1.67,0,0,0
16,3,999,1,5,7,6.83,7,5,12,1,4,6,6.33,6,1.67,4.33,6.75,1.17,0,0,0
15,3.5,7,1,7,7,6.83,7,999,13,1,2,7,7,7,1.67,4.67,7,1.17,0,0,0
15,2.5,7,1,2,3.67,4.5,4.5,999,10,0,1,7,4.33,7,1,4,3.75,3.83,0,0,0
17,3.5,3,1,6,5.67,6.5,6.25,999,13,1,4,4,6.33,5.33,1.67,5,7,2.83,0,0,0
15,3,7,1.6,3.33,3.67,5.67,6.5,999,14,2,4,6,6.33,6.33,1.33,3.67,6.25,2.67,0,0,0
15,3,999,1.8,4.67,4,5.33,5.5,999,16,1,4,7,7,6,1,2.33,4.5,5.17,0,0,0
17,2,999,1,7,6.33,6.5,6.5,999,13,0,3,7,6,7,1,5,7,1,0,0,0
16,4,999,1,4.67,5.67,7,6.25,999,16,1,2,6.33,6.33,6.67,1.33,4.33,6,1.33,0,0,0
16,3.5,5,1,5,7,6.5,7,999,15,1,3,7,7,7,1,3,7,1,0,0,0
17,2.5,3,2.6,2.33,6,7,6.75,999,10,1,3,7,7,7,1,4.33,7,2.67,0,0,0
17,3.5,7,1,7,7,5.5,6.5,999,14,2,3,5.67,6.67,5.67,1.67,3.33,6.5,1.17,0,0,0
17,1.5,999,1,6,6.67,6,6.75,999,16,0,4,7,7,7,1,5,7,2,0,0,0
15,2,4,2.6,3.67,3.67,6.5,7,999,14,2,4,5,7,7,1,4,6.75,3.17,0,0,0
16,3,5,1,7,6,6,6.5,999,16,1,4,7,6,7,1,4.33,6.75,2.67,0,0,0
17,2.5,5,2.4,5.67,3.67,5.33,6.75,999,14,2,4,5.33,6.33,6,2.33,3.67,7,3.5,0,0,0
14,3.5,6,1,7,7,7,6.25,999,16,0,4,6,7,7,1,2.33,7,2.83,0,0,0
17,2,999,4.8,6,3.67,5.5,4.75,999,14,1,0,5,5,5.33,1,3.33,4.75,4,0,0,0
16,3,4,1,5,5,6.83,5.75,999,14,2,3,7,7,7,2,3.33,6.25,1,0,0,0
18,2.5,6,1,4,7,7,5.25,999,13,1,1,7,7,7,1,3.33,6.75,3,0,0,0
15,2,999,1,4,4.33,6.17,6.25,999,4,999,3,4,5.33,5,2,3.33,4.75,4,0,0,1
15,3.5,999,1.6,7,5.67,5.67,6.5,999,14,1,999,5,6,5,2,3.67,7,4.67,0,1,0
15,3,7,5.8,3,1,6.67,6.75,999,10,0,1,2,6.67,3.67,1,4.67,6.75,5.5,0,0,0
15,3.5,999,1,5,5,6.33,6.75,3,14,0,4,7,4.33,7,1,4,5.5,3.5,0,0,0
17,3,7,1,5,7,7,7,999,15,2,4,7,7,7,1,5,7,1,0,0,0
15,3,999,1,4,3,5.33,6.5,999,14,0,2,1,7,4.67,1.33,3.33,7,6.17,0,0,0
16,3,7,1,6,2.33,5.67,6,5,2,1,2,4,5.33,6,1.67,3,6.75,3.17,0,0,0
18,3,999,1,7,5.67,7,6.75,2,12,1,2,7,7,7,1,3.67,6.25,1,0,0,0
17,2.5,6,3.4,6.33,6.67,4,6.75,3,14,0,0,3.67,4,4,4,2.33,4.75,4.33,0,0,0
17,4,5,1,7,5.67,6,5.5,4,14,2,3,5.67,5.33,5.33,1.67,3.33,7,4.17,0,0,0
16,3,5,1,6,5.67,6.5,6.75,5,13,0,1,6,7,7,1.67,4,6.75,1,0,0,0
18,3,7,1,7,5.33,7,6,2,16,1,4,1,5.67,5.67,1,4.33,6.5,2.17,0,0,0
16,3,6,1,7,5.33,7,6,4,11,1,3,6,6.33,7,2.33,3.67,7,1.67,0,0,0
17,3,999,2.8,2.67,5,5.83,5.5,2,11,0,1,1,6,1.33,5,5,5.5,4.5,0,0,0
17,4,5,1,6,6.67,6,5.75,2,16,1,3,4.67,6,6,1.33,4,6,2.5,0,0,0
16,3,7,1,4,5.33,7,6,3,14,2,3,4.33,6.33,7,1,3.67,6,2.17,0,0,0
17,2.5,4,1,6,6.33,6.5,6,2,16,2,0,4,4,4.33,2,3,3.75,3.67,0,0,0
16,3.5,7,1,7,6.33,6.5,6.5,4,15,1,4,3,7,6,1,5,7,2.33,0,0,0
16,2.5,3,1,7,6,4.33,7,5,14,1,2,6,7,4.33,2,4,7,3.33,0,0,0
17,3,7,3.4,3.67,3.33,7,7,3,15,2,3,1,7,3.67,1.67,3.33,6.5,4,0,0,0
17,3.5,7,1,7,7,6.5,7,3,6,0,4,6,7,7,1,4,6.25,1,0,0,0
17,3.5,6,1,6,5,5,6,999,15,1,3,4.33,5,4.33,2.33,2.33,6,2,0,0,0
17,3,5,4,4,4,4,4,5,0,0,0,4,4,4,4,1,4,4,0,0,0
17,4,7,1,6.67,5.67,6,7,5,14,1,4,4.67,7,6.67,1,5,7,1,0,0,0
17,2.5,7,1,4.67,3,7,6.75,5,15,2,3,5,7,7,1,5,7,1,0,0,0
18,4,7,1,2.67,5.33,2.5,3.75,4,10,1,2,5,3.67,6,6.33,5,4.25,5.33,0,0,0
16,3.5,7,1,6.67,7,6,6.5,999,14,1,3,1.33,5,3,3,4.67,6.75,1.67,0,0,0
15,3.5,999,1,3,3.33,4,4.5,2,1,0,0,4,4,4,2,4,4,4,0,0,0
15,3,7,4.8,5.33,7,4,4,2,9,1,0,5,4,7,5,3.67,7,7,0,0,0
13,3,5,3.4,2,5,6,7,4,8,0,0,4.67,4,6,1.33,4,4,4,0,0,0
15,3.5,999,1,7,6.33,6.17,7,3,15,1,2,4.67,5,5,1,5,6,3.17,0,0,0
17,3,999,1,4,5,4,7,3,0,0,1,4,4,4,3,5,7,2,0,0,0
16,3,7,5,3.67,3.33,4.67,5,2,7,0,4,1.67,3.33,4,3,1.67,5.75,1.83,0,0,0
17,2.5,999,4,3.67,2.67,6.5,6.25,2,16,1,3,7,5,7,3,4,4.5,4.17,0,0,0
14,3.5,999,4,5.67,5.33,4,4,3,0,0,0,4,4,4,4,5,4.75,4.33,0,0,0
15,2.5,5,3.8,4.67,4.67,6.83,7,5,13,0,1,4.67,6.33,4.67,1.67,4.33,6,4.67,0,0,0
15,3,7,1,6.67,5,6,7,4,16,2,0,4,6,5,1,4,7,3.83,0,0,0
16,3,7,4.8,3,5,4.83,6.5,5,5,999,999,1,5,1,1,3.33,6.25,2.5,0,1,1
16,3.5,5,1,7,4.33,6.67,6.25,2,11,0,2,5.67,5,4.67,1.67,3,6,1.17,0,0,0
14,2,7,1,7,3,6.5,7,4,5,1,2,7,7,7,1,5,7,3.5,0,0,0
15,3.5,5,1,7,7,6.33,7,3,14,1,3,4,7,7,1,4.33,7,1,0,0,0
14,2.5,999,4,5,4,4,4,5,0,0,1,4,4,4,4,999,4,4,0,0,0
15,2.5,7,1,5.33,1.67,6.17,6,4,7,1,3,4.33,5.67,4.33,2.67,3,4.75,3.17,0,0,0
16,3,7,2.6,4,2.33,5.5,5.5,5,13,2,3,5,5,5.33,2.67,4,4.5,2.67,0,0,0
15,4,5,1,5.67,6.33,6.17,7,5,8,1,2,5,7,6.67,1,5,7,2,0,0,0
14,3.5,2,1,3,4,4,4,1,8,999,0,4,4,4,7,5,4,4,0,0,1
14,4,999,1.8,6,5.33,6.33,6.5,999,12,0,1,5,6,6,2,2.67,5.5,3.67,0,0,0
14,2,999,4,4,4,4,7,2,9,0,0,4,4,4,4,4,5.5,3.5,0,0,0
14,3,4,1,7,6,6.5,6.5,3,14,1,1,5,6,7,1,4.67,6.75,1,0,0,0
14,4,7,1.2,6.67,6.33,5.17,7,2,3,0,1,5,5,5,3,4.67,7,2.17,0,0,0
16,3,4,1,7,1,7,6,2,15,0,3,7,7,7,1,5,7,6,0,0,0
17,3,999,5.8,3.67,2,7,7,3,5,1,2,7,5,6.33,1,4.33,7,6.17,0,0,0
17,1.5,7,2.4,5,4,5.17,6.5,2,7,1,1,3.67,4,4,4,3,4,4,0,0,0
17,3,7,2.6,4.33,3.33,6.67,7,4,14,1,3,3.67,5.33,3.33,1,5,7,4.5,0,0,0
17,3,7,1,7,5.67,6.5,7,2,15,1,3,2,5.67,5.67,1,4.33,6,4.5,0,0,0
18,2.5,999,2.6,4,6,5.5,5,2,16,2,3,4.33,5.67,5,1.67,4,5,4.17,0,0,0
17,3.5,7,4,5.67,4.67,4.83,5.75,1,9,1,2,5,5,5.33,2,4,5,3.67,0,0,0
15,3,999,1,5.67,7,7,6.75,2,12,0,1,2.67,5.67,5.33,3,3.67,5.5,2,0,0,0
17,3,999,1,4.67,4,5.67,7,4,13,0,2,2.33,6.67,5,3.33,4,6,3.33,0,0,0
14,3,3,1,6,3.67,7,6.75,4,14,2,4,5,6,7,1,3.33,6.5,5.5,0,0,0
15,3,3,1,6.67,6.67,7,6.75,3,4,0,3,7,7,7,1,3,7,2.17,0,0,0
16,4,999,1,5.33,7,5.67,6,2,12,2,3,5.67,5.33,5.67,1,3.33,6,2.5,0,0,0
15,3.5,3,3.8,4.33,4,6,6,1,15,2,4,4.67,6.67,4.67,3,4.33,6,3.83,0,0,0
15,3.5,4,5,3.67,5,6.83,6.25,1,15,2,4,4,6.67,5.33,1,4,6.75,4.5,0,0,0
16,3.5,5,1,7,6.33,7,6.5,5,16,2,3,7,7,7,1,5,5.5,2,0,0,0
17,2,999,4.4,2,1,5.5,7,5,14,0,2,6,6.67,6,1,5,7,5.33,0,0,0
17,3.5,7,1,4,4.67,5.5,6.25,4,17,1,4,2.67,6,5,1.33,3,5,4,0,0,0
17,3.5,7,1,5.33,5.67,7,7,4,15,2,4,7,7,7,1,4,7,2.5,0,0,0
15,3,999,1,7,7,4.83,6,2,11,2,4,6,7,6,3,3.33,5,2.33,0,0,0
17,2,999,4.2,6,3.67,7,6.5,4,7,1,3,2.33,7,4.33,1,999,5.5,2,0,0,0
15,3,4,1.6,5.33,6.33,6,6.75,2,14,1,4,6,7,6,1,3.33,6.5,2.83,0,0,0
15,3,7,1,6.67,5.67,6.17,6.25,3,15,1,2,4,6.33,6.33,1,4.67,6.75,3.17,0,0,0
18,3,4,1,7,5.33,6.4,7,5,16,1,2,1,7,4.33,3,5,7,1.67,0,0,0
17,3,7,1,7,6.67,4.67,7,4,11,0,1,6,5.67,6,1,4.67,7,3,0,0,0
15,3.5,999,1,6,7,7,7,3,14,999,999,7,7,7,1,5,7,4,0,1,1
16,3.5,7,1,5,5,7,7,5,12,2,4,4,7,5.33,1,5,7,1.67,0,0,0
14,3.5,999,3.4,4.33,3,6.67,6.75,3,14,0,3,7,6.67,7,1,4,7,3.33,0,0,0
999,999,999,1,7,5,7,7,999,13,2,2,7,7,6,3,4.33,7,2.83,0,0,0
18,4,7,1,7,7,6,7,2,15,2,3,6.67,4.67,6.67,1,5,7,1.33,0,0,0
17,3,5,1,6,5.67,6.33,6,2,15,1,4,7,7,7,1,4,6,1.33,0,0,0
14,4,7,1.6,5,6.67,5.5,5,2,16,0,3,5,5.67,6,2.67,3,6.25,2.83,0,0,0
17,2,5,999,999,999,999,999,2,16,999,999,999,999,999,999,999,999,999,1,1,1
16,2,7,1.8,5,4,6.5,5.25,4,15,0,3,1,5,5,3,4,5,3.33,0,0,0
18,3,999,1,5.67,6.67,6.67,7,2,15,2,4,5.67,7,5.67,1,4.67,7,1.33,0,0,0
17,3,999,1.6,5,4.33,6.83,6,4,14,1,3,3.67,6.67,3.33,1.33,4.33,6.25,2.17,0,0,0
16,3,999,1,4.67,3.33,6.67,7,5,16,2,3,7,7,7,1,4.33,7,2,0,0,0
17,3.5,6,6.2,3,4,5.5,6,2,16,1,4,7,6.33,5.67,3,3.33,5.25,3.33,0,0,0
17,3.5,999,2.6,5.67,5,7,7,2,16,0,3,5,7,6.33,3.67,3,6.75,1.83,0,0,0
17,2.5,7,2.6,2.33,4,6.67,6.25,5,13,1,4,5,6.33,4.33,1,5,7,3.17,0,0,0
14,3,7,1.8,6.33,4.33,7,7,2,15,0,2,7,7,7,1,4.33,7,5.17,0,0,0
17,2.5,5,1,7,6,6.5,7,3,10,1,3,7,7,7,2,4.33,7,1.33,0,0,0
15,4,6,1,5,7,6,6.75,5,15,1,4,7,7,7,1,4.33,7,1,0,0,0
15,2,6,1,3,5,5.5,7,4,2,0,2,6.67,7,5.33,1,5,7,2.33,0,0,0
15,2.5,999,3.4,4.67,3.33,6,6.25,2,15,1,2,6,5.33,6,2.67,5,4.75,6,0,0,0
15,3,999,1,7,7,7,7,2,12,1,3,7,6.67,7,1,4.67,7,1.33,0,0,0
14,3,999,1,7,4.67,5.83,7,4,11,0,3,7,6.33,7,1,4.33,7,1.17,0,0,0
14,3,4,1,5,4.33,6.83,7,2,16,1,4,6,7,6,3,2.33,6,3.5,0,0,0
15,3.5,999,1,7,5,7,7,4,14,1,4,7,7,7,1,5,7,3.5,0,0,0
14,1.5,999,1,7,5.33,5.83,5.5,1,12,1,3,6,6,6,2,3.67,5.5,2.5,0,0,0
15,3.5,4,1,7,5,5.67,6.5,2,15,0,4,6.33,7,7,1,4,6.75,1.83,0,0,0
16,4,5,1,5,4.33,7,5.75,4,13,2,4,7,7,7,1.67,5,7,1.83,0,0,0
17,3.5,5,1,4.33,7,7,7,2,13,0,3,5.67,6,6.33,3,5,7,4.17,0,0,0
17,3,4,1,3,4,4,3.25,2,16,1,0,4,4,4,7,4,5,5,0,0,0
18,3.5,2,1,3.33,6,6.33,6.25,2,11,0,1,5,5,5,1.67,4,6,2.5,0,0,0
17,2.5,999,1.4,3.67,5.67,6.67,6.25,2,16,0,2,3,6.33,6,1,4.67,5.33,3.5,0,0,0
15,2.5,7,1,5,7,7,7,5,15,0,1,2.33,4.33,3,1,4.67,6.75,4.67,0,0,0
16,3,999,4,4,4,4,4,3,0,0,999,4,4,4,4,1,4,4,0,1,0
16,3,5,4,4,4,4,4,1,0,0,1,4,4,4,4,2.33,4,4,0,0,0
17,3.5,7,1,7,5.67,7,7,3,8,2,3,4,6.33,7,1.67,5,7,2.17,0,0,0
15,3,4,999,5,5.33,6.83,6,4,15,1,1,4,4,4.67,1,4.67,5.75,5.33,1,0,0
16,3,4,3.2,5.67,5,7,6.5,4,10,1,3,7,7,5.33,1.33,4.67,6.5,2.33,0,0,0
17,3,7,1.4,6,4.67,7,6.5,5,16,1,3,6.67,7,7,1.33,5,6.75,3.83,0,0,0
15,4,999,1,4,5,6.83,7,2,7,0,0,4,4,6,2.33,5,7,1.17,0,0,0
17,2.5,999,1,6.33,6,7,6,4,14,0,0,4,7,5.33,2,4,6.5,1,0,0,0
17,3,999,1,7,7,6.67,5.5,2,16,1,4,4,4,6,2,3,4.5,1,0,0,0
17,3.5,7,1,7,5.67,7,6.75,4,15,0,4,3.67,4,6.33,1,5,7,1,0,0,0
17,4,4,1,6.33,7,5.83,6.25,5,8,1,2,4.33,6,5.33,3,5,5.75,4.17,0,0,0
16,3.5,5,1,6,7,6.5,7,2,15,0,3,5,7,7,2,5,7,1,0,0,0
17,3.5,6,1,5,7,7,7,2,16,0,1,4,7,5,3,4,7,3.5,0,0,0
15,3,999,3.8,5,4.33,7,5.5,2,5,0,3,4.33,7,5,2.33,3.33,5,3.33,0,0,0
17,3.5,7,1,7,4,5,5.5,1,16,0,1,3,6.33,6.67,1,2.33,6.5,4.5,0,0,0
15,4,7,1,3.33,3.67,6,5.75,3,13,1,3,2.33,5.33,6,1,4.33,7,4.5,0,0,0
17,3.5,4,1,5.33,6,7,6,2,14,2,4,2.33,3,6.67,1.67,5,7,2,0,0,0
15,3,999,1,7,7,5.33,7,2,15,0,1,1.67,1.67,2.33,1,4,6.75,1.33,0,0,0
16,3,4,1,5.5,3,7,999,2,2,0,1,5,999,7,1,999,4,4,0,0,0
16,3,999,1.2,4,5.67,5.83,5.75,2,11,1,2,2.67,4.33,4.67,1.67,3,6.25,1.17,0,0,0
16,4,7,1,6.33,7,6.33,5.5,2,15,0,1,4.33,5,4,2.67,3,5.75,3.33,0,0,0
17,3.5,3,1,5.67,7,7,5.75,2,9,0,1,1,1.67,1,6.67,5,7,1.67,0,0,0
14,3,999,1,5.33,5,7,6.25,2,14,1,2,5,6,6.67,2,5,7,1.67,0,0,0
16,3,2,2.2,5,4,4,7,1,0,0,0,4,4,4,4,2.33,4,3,0,0,0
17,2.5,4,1,7,6,7,6.5,2,13,0,1,7,6.67,7,2.67,4,5,4,0,0,0
17,3,3,1,5.5,5,6.67,6,5,3,0,0,4,4,4.67,1,4,6.75,6.17,0,0,0
15,3.5,4,1,4,7,6.83,7,2,15,1,2,5,5,7,1,4.33,6.5,2.5,0,0,0
15,3,5,1.8,5.33,5.33,6.67,6,1,11,0,1,4.33,6.67,7,1,2.67,6.25,2.33,0,0,0
17,2.5,999,1,5.33,3.67,5.67,6,2,2,0,1,2,5,3,3,4,5.75,2.67,0,0,0
15,3.5,999,1,5.67,5.67,6.83,7,2,16,999,999,4.33,7,4.33,2,3,7,1,0,1,1
16,3.5,5,1.8,2.67,4,5.5,5.75,3,12,1,2,4.33,5.67,5.33,2,3.67,5.75,2,0,0,0
14,3.5,999,1.4,5.33,7,6.83,7,5,2,0,1,4,7,5,1.67,3,5.5,1.83,0,0,0
15,3.5,999,1,5,3.67,4.17,4.75,3,2,0,2,4,4,4.33,2,3.67,5,2.67,0,0,0
15,2,2,1,7,4,6,5.25,3,7,1,0,7,4.33,7,999,3,4.5,1.5,0,0,0
14,4,6,999,2.5,2,7,7,5,15,2,4,7,7,7,999,5,7,6.67,1,0,0
15,3.5,999,1,7,6,7,7,2,15,1,2,6,7,6,1,5,7,1.5,0,0,0
15,3,3,1,5.67,5.33,6.33,6.25,3,10,1,3,4.33,4,5,2.67,3.33,7,3,0,0,0
16,2,5,2.2,6.33,5.67,5.33,4.75,3,15,0,1,4.33,4.67,4.33,3.67,4,5.5,3.83,0,0,0
14,3,7,1,6.67,6.33,7,7,3,15,1,4,7,7,7,2,5,6.75,2,0,0,0
14,3,7,1.4,5.33,7,6.83,7,1,0,0,1,4,7,5.33,1.33,3,6,2,0,0,0
15,4,7,1,6.33,3,6,6.25,4,6,1,3,5.67,6,5.33,1.33,5,7,1.83,0,0,0
17,2.5,7,3.4,3.33,7,5.33,7,3,8,0,1,4,5.33,3.33,2,5,4.5,5,0,0,0
14,3,5,1,5,5.33,4.67,5.5,2,9,1,1,4.67,5.67,4,2.33,4,4.75,3.83,0,0,0
17,3.5,999,1,7,7,7,7,5,15,0,3,6,7,5,1,5,7,1,0,0,0
17,3,1,1,5.33,5,4.67,5.5,3,9,0,1,4,4.67,5,1,4.33,5.5,3,0,0,0
15,999,999,1.4,4.67,5.67,6.83,5.5,4,13,0,1,4,5,5,2,4,4.75,3.5,0,0,0
14,3,5,1,5,4,4,6.25,5,15,1,0,4,4,4,1,5,4,4,0,0,0
17,3.5,5,1.8,4.67,4.67,5.5,6,2,10,999,2,4.67,5,5.33,2.33,3.33,6,2.67,0,0,1
14,3.5,1,2.2,5,4,4.33,5.25,3,6,1,0,4,4,4,2,4.33,5,3.83,0,0,0
14,2.5,1,1.6,6.33,4.67,4.5,5.5,4,9,0,1,4,5,4.67,2,3.67,5.5,3.17,0,0,0
16,2.5,999,1,6.33,5.33,6.67,6.75,5,0,0,1,4.33,7,7,7,4,5.5,4.83,0,0,0
16,4,4,1,7,7,6.33,6.5,5,12,0,4,4.67,7,5.33,1.67,3.67,6.75,1.67,0,0,0
16,2.5,7,3.4,4,4,4.17,4,4,8,0,1,4.33,4,5.33,4.33,3,4,4.5,0,0,0
15,3.5,3,1.4,6,6,6.17,5.5,3,14,1,3,2.67,4.67,3.33,3.33,3.67,6,1.83,0,0,0
16,3.5,4,1,7,5,7,7,4,10,0,2,7,7,7,1,3,6.75,1.8,0,0,0
15,3.5,4,1.4,6.33,5,6.17,5.75,2,11,1,2,2.67,4.33,3.33,3,4,7,2.33,0,0,0
16,2,5,4.4,3.67,3,4.5,6.25,2,7,0,3,1.67,5.33,4,2.33,2.67,5.5,4.83,0,0,0
15,3.5,999,3.4,7,6,7,7,4,10,0,999,3,7,7,1,5,7,1.33,0,1,0
15,3,2,3.4,5,4,4,5.25,2,9,1,0,4,4,4,2,2.67,4,4,0,0,0
18,2.5,1,1,7,6.33,5.5,6,3,14,0,0,5.33,6,5.67,1,4,6.5,3.83,0,0,0
14,3.5,999,1.6,3.67,4,6.67,5.5,4,16,0,3,4,6.33,5.67,1,4.33,6,4.67,0,0,0
16,3.5,1,1,7,7,7,7,3,15,2,3,7,7,7,1,5,7,1,0,0,0
15,3,6,5,2,4,6.5,7,1,8,2,0,4,4,5.33,3,2.33,6.75,3.17,0,0,0
15,3,999,2.2,6.67,7,5.33,6.25,2,14,1,3,3,7,5,1,3.67,6.5,3,0,0,0
15,3,999,1,6.67,7,6.67,6.25,999,15,1,3,7,6.33,7,1,2,6.75,2.5,0,0,0
16,2.5,7,1,5.33,4.33,6.83,6.5,4,16,1,3,6,6,7,1,3,5.75,1.83,0,0,0
15,3,4,1,6.67,4.33,6.5,6.25,4,12,999,999,5,6,6.33,1,3.33,6,2,0,1,1
15,4,5,1,5,5.33,7,7,2,15,2,2,7,7,7,1,4,7,1.5,0,0,0
15,2.5,999,1,6,5,6,6.5,4,11,2,4,5.33,6,6,1.33,4,6,2,0,0,0
15,3,6,1,5,7,6.83,6.75,4,12,1,4,6,6,6,2,4,7,1.33,0,0,0
15,3.5,5,1,6.67,5,6.67,6.25,3,16,2,4,6,7,5.67,1.33,4.67,6.25,3.17,0,0,0
15,2.5,7,1,7,7,7,999,5,15,1,999,7,999,7,2,5,5.5,2.17,0,1,0
15,3,3,1.2,4.67,5.33,4.83,5.67,2,17,2,4,6,7,6,2.67,2.33,4.75,2.33,0,0,0
16,2.5,999,2,6.33,6,7,7,2,16,2,3,7,7,7,1,3.33,6.25,5,0,0,0
16,3.5,7,1,5.67,4,6.5,6.5,4,15,2,4,4.33,6.33,6,2,4.33,6.75,2.33,0,0,0
15,2.5,7,2.6,2,3.67,6.33,6.75,3,12,2,3,2,3.33,5.67,1.67,3.67,6.5,4.5,0,0,0
16,3.5,7,1.2,5,2,6.33,6,2,14,2,4,6.33,7,3.67,1.67,3.67,6,1.67,0,0,0
16,2,999,1,6,7,5.17,5.25,3,12,1,2,7,6,6.67,1.67,3,5.25,4.17,0,0,0
16,2.5,6,1,4.33,2.67,5.67,6.75,5,10,2,3,5,6,6.33,1.67,4.67,6.5,2.33,0,0,0
15,3,999,1,5.67,5.33,7,7,3,13,2,4,4.33,7,6.67,1,5,7,1.33,0,0,0
16,3,999,1,1.67,5,5.67,7,4,13,1,3,7,7,7,1,4,6.75,1,0,0,0
14,3,2,1,5,5.67,7,7,5,13,1,2,7,7,7,1,4,6.75,1.5,0,0,0
16,3.5,3,1.2,5.67,4,6.5,7,3,16,2,4,7,5.33,5.33,1.67,4,6.25,2.67,0,0,0
16,3.5,7,1,7,6,6.17,6.25,4,15,2,4,7,4.33,6,1,4.67,6,2.17,0,0,0
16,4,7,1,7,6.33,4.17,5.75,2,11,2,4,5,5.33,6.67,1.33,3.67,5,1.83,0,0,0
15,3.5,7,1,7,4,7,7,4,16,2,3,7,7,7,3,4,7,1,0,0,0
16,3.5,999,3.4,6,4,5.83,5.75,1,13,1,4,5,6,4.33,3,2.33,5,3.33,0,0,0
17,3,999,1.6,5,6.33,6.17,5.75,2,12,0,2,4.33,5,4,1,3,6.5,3,0,0,0
16,2,999,1.6,5.67,4.33,5.5,6.75,4,4,0,3,7,7,7,1,4.33,7,1.33,0,0,0
15,3,3,1,4.67,6,6.5,7,5,7,0,2,7,6.33,7,1,4,6.75,5.67,0,0,0
16,3,999,1,3,3,7,7,5,11,0,1,3,4,6,1,2.67,7,999,0,0,0
16,3.5,4,1,3.67,5.33,4.83,5.75,5,9,1,4,3,3,4.67,1,4.67,6,3.83,0,0,0
16,3,6,2,5,4,5.33,5.5,4,15,0,2,1,5,5.67,2.33,3.67,5.5,3.83,0,0,0
16,2.5,1,3.4,6.33,3.67,6.17,6.33,2,13,1,1,5,4.67,7,1.67,4.33,4.75,4.2,0,0,0
15,3.5,999,3,3.67,4,3.83,4,4,16,0,0,4,4,4,5,5,3.25,4,0,0,0
15,3.5,4,1,7,6.67,5.33,6.25,4,9,1,3,7,7,6,1.67,3,7,1,0,0,0
15,4,7,1,7,6.33,5.67,6.75,2,15,1,4,7,6.33,7,1,4,7,1,0,0,0
15,2,5,1,7,3,6.5,7,3,14,2,4,7,7,7,1,4,6.75,1,0,0,0
16,2,999,1,3.33,3,6,7,3,0,0,4,4,7,4.67,1,4,4,5,0,0,0
16,2.5,3,1,7,5.33,7,6.5,5,6,0,3,7,7,7,1,4,6,3.17,0,0,0
15,3,3,1,6.67,5,5.5,6,3,12,1,3,5,6,5,1,3.67,6,2.17,0,0,0
15,3,2,1.25,6.67,5.67,5.33,7,3,10,2,4,5,4.67,5,1.33,3.67,6.5,3.17,0,0,0
15,3.5,7,1,7,6,6.67,6.25,2,14,2,4,7,7,7,2,2.67,5.5,3.33,0,0,0
16,3,999,1,7,7,5.83,7,4,13,2,4,5.33,6.33,6,1,4.33,6.75,1,0,0,0
16,3.5,6,1.75,6,5.33,5.33,5.5,3,12,1,4,7,5.33,6.33,1.67,3.33,5.25,3.17,0,0,0
15,3.5,7,1,6.67,6.33,6.67,6.5,3,15,0,3,6,7,6,1,4,7,1.5,0,0,0
15,2.5,2,1,6,6,7,7,2,11,999,1,5,7,6,1,4.67,7,1.83,0,0,1
16,3,999,1,7,4.67,6.17,7,4,11,2,4,7,6.67,7,1,4,7,1.67,0,0,0
16,2.5,3,1,5.67,4,6.67,7,2,15,2,4,2,6.33,6,1,2,5,3,0,0,0
17,3.5,6,2.2,5,4,6.83,6.5,4,11,2,4,4.67,4,5.33,1,4,6.5,3.17,0,0,0
18,2.5,6,1,5,3,4.67,7,4,14,0,999,5.67,5.67,5,1.33,5,5.75,4.5,0,1,0
